-8.694600489590152692e-02,7.031728965711787557e-03,-1.283315926863200784e-01,-1.624641450912974461e-01,6.488336707199407472e-02,-4.818365914502268504e-02,1.217647847279483136e-01,3.844241507244993555e-02
-2.197378627923732008e-01,-4.329435186804257707e-02,-1.138317835132667821e-01,-3.718627990452064852e-02,9.168721361602096692e-03,8.147448379942900942e-02,-1.566179993294107564e-01,-1.314665011528904637e-01
-5.336848390301167366e-02,-1.263765962494610706e-01,-1.057729316882410203e-01,3.891887888427552483e-02,-1.798538913183809762e-01,-1.427405284232251548e-01,2.347327585525446625e-01,-1.935803113874275949e-01
-1.255534057542462834e-01,-2.635339494549804318e-03,-8.790986102950679171e-02,3.195141785960211450e-02,-2.220237164886666378e-02,8.406941976738462052e-02,-2.315806223462858054e-02,1.098446750892591722e-01
-6.169118562659169601e-03,-2.486476543924078658e-02,-4.557072130567126761e-02,6.224138906472139257e-03,5.627760027389406422e-02,-1.332434880619202781e-02,7.570597819132819650e-02,5.772061373077673474e-02
2.244211785668350986e-02,-2.002311044059855785e-02,-1.019568113277846133e-01,-1.095811428729601966e-01,7.926802717873733528e-02,1.220902866022589572e-01,-1.888700468480925543e-01,2.067442805413383378e-01
-3.524868738415208591e-02,-7.378593660810815746e-02,-2.216017146149809255e-02,-1.833820509527370468e-01,-1.293527586229700765e-01,4.678733814911808370e-02,-4.396941201334369359e-02,5.305679841343850095e-02
-1.706910119875645546e-02,1.142179850256830331e-01,-1.280921921942424768e-01,-1.658290826750725977e-02,-1.035921991264904390e-01,-3.871713309350841015e-02,5.401748386211898539e-02,7.823717914084984959e-02
-1.316549965732758190e-02,3.981478901839421297e-02,-1.634561771180349787e-01,-7.840381541611576854e-02,7.947775701612494470e-02,8.226118130133031059e-02,-1.316312464772900204e-01,3.434916490926789856e-02
-1.821528214855279437e-01,1.223204581962678422e-01,-1.061813746493900229e-01,-6.458930587847151739e-02,7.024414645837685767e-02,4.835418440699818660e-02,-1.069319871370808528e-01,-3.714008579991372877e-02
1.464376203237134078e-01,1.473867956313653672e-02,-1.679548176498570633e-01,2.127900648900142300e-01,3.391179317546900301e-02,-8.507962607734036176e-02,-2.438470997418864528e-01,-1.430930542055735000e-01
-1.107577062077719637e-01,-3.613119757536607107e-02,-1.369013897623982123e-01,-1.832699472265145527e-02,-2.514795685511273665e-02,2.559171427437573754e-01,1.152621977013071758e-01,-4.888689151177215593e-03
-7.938600624033238795e-02,-2.568674144397615766e-01,-2.233582821444072830e-01,1.193730818360015829e-02,1.334651138211644661e-01,1.124699724434836956e-01,-1.034983778578609792e-01,-3.898793114481295674e-02
2.332242484019100490e-02,-1.349272426136221281e-01,6.823708251942690872e-02,3.720681935679422819e-02,9.642400195752771908e-02,1.001450105829701370e-01,9.435404839750068107e-02,-9.332536736226412777e-02
-1.787760138419894895e-01,4.208932770605951917e-02,-1.112065541121116524e-01,-1.051851562932794582e-01,2.962006856065202420e-02,-3.128498872068210396e-02,5.024975648133683109e-02,1.883162263238699619e-01
-2.631435404511325155e-02,-1.031642541968871979e-01,1.118179812202791008e-02,7.226595368542305768e-03,1.839712989753897465e-01,8.058404816001658866e-02,-2.518078119248106164e-03,-6.354854676178277317e-02
1.325312876573220833e-01,-7.585556208659029187e-02,-1.442984052440422493e-01,-2.384559273530746371e-01,9.370592027035988536e-02,-7.479464238288249280e-03,6.190530546046419530e-02,-7.686194101755285113e-02
-1.112440413269902145e-01,-6.081017018181178457e-02,-3.371045904676163441e-02,-1.242518673784411276e-01,1.496030346625169816e-01,1.166844829234821718e-01,2.688134018878244880e-01,-5.392241532722995799e-03
4.861654431407602672e-02,9.475769781157034055e-02,1.743098365750321913e-02,1.014990721702708626e-01,-1.704987033172222083e-02,-1.108996103492439628e-01,-1.822030224093740269e-02,5.056480689472934303e-02
2.909825132734724859e-02,-1.578993558478723747e-01,-9.556112970231749049e-02,3.328015016656323682e-02,-4.700303902418041108e-02,-3.652897117192565983e-03,7.118692652526277531e-02,-1.401896953681229241e-01
4.571237721741510870e-03,-3.243952487887514363e-02,-6.408934579125692699e-02,2.897074677416377683e-02,-1.809117724014958350e-01,8.523208738636384174e-02,-5.025252072667107245e-02,8.051466207207454498e-03
-1.514947292439510450e-02,-6.415973227468710349e-02,6.609587182733916988e-02,-1.438370955976392696e-01,-5.459400735007442079e-02,-1.970067974050607879e-02,1.936155716631509857e-02,1.213040612682582953e-01
5.042628036980082579e-02,1.342591101602399750e-01,3.530931251233667550e-02,-1.717147683339853848e-01,-6.761767922181846635e-02,7.856040211390016847e-02,1.007060935693317727e-01,7.118594307644489534e-03
-4.555559460530354127e-02,-1.503783911596612288e-02,-3.543622833645795195e-02,-3.805588592997782155e-02,8.286351904570168903e-02,-1.286412781920315551e-01,-2.474156813106039715e-02,4.819253483396836180e-02
-7.561095105254392323e-02,7.785696548038015252e-02,-8.821556871971072966e-02,-1.530890431448741207e-01,-1.229665334402551269e-01,1.525419198120957498e-01,2.505482218878838929e-01,7.625381317340335086e-02
-6.053223054243633133e-02,-6.980536920725780026e-02,1.901566490569929144e-02,6.478977228717251735e-02,7.390950651683850237e-02,-6.523588906781943586e-02,2.410061643567914386e-02,-1.484622736617426239e-03
1.984671609877525569e-02,-1.538670176502368869e-01,1.638523187489489275e-02,5.587088050129278283e-02,-1.341906653765399630e-02,-2.417884464512440323e-02,-5.996421613393531497e-02,1.150111105184095477e-02
-2.502190119426389026e-01,1.830587110859214703e-02,-4.674610413012620681e-03,1.556245884696244031e-01,4.327969858895459876e-02,5.674209922623499325e-02,2.641884525521825955e-01,-7.190528884682094446e-02
1.054600756598853828e-01,-1.280807656340387235e-01,-1.717253881107556612e-01,-7.741693561255352796e-02,9.854893172256008749e-02,-2.330697685835174393e-01,1.327225805389924407e-01,-1.483143088554050304e-01
-9.594762488884423998e-03,7.230048644968002647e-02,2.416180175885646875e-01,-3.030106895883772841e-02,-1.287858339202800073e-01,6.301192017853668448e-02,-2.964374215119564004e-02,1.380866018308185006e-01
3.038665099937055622e-02,1.225152558454068730e-01,-2.064156568094997757e-02,-2.622911646870429991e-01,-1.117408234337013834e-01,-7.764571357161546838e-02,1.001489394422626217e-01,4.907631260865222972e-02
4.281664180657743929e-02,-5.521081842966064218e-02,4.171648281703144168e-02,9.881097961190428436e-02,-4.356637094165244362e-02,2.167809788206475144e-02,-2.399545581795815008e-01,1.189826623003848935e-02
-1.031279917273813101e-01,-1.627012135830769105e-02,-1.060038795209415630e-02,7.178030053555683500e-03,-1.056807615906404374e-01,1.440687743842688530e-02,-2.012394313438932089e-02,-3.344665372771095380e-02
1.606698534847205706e-01,-7.516546896991900539e-02,-1.435262117134448456e-01,-6.498103560539794654e-02,8.386900563149976562e-02,-1.334934836724607221e-01,1.877822067877893408e-01,6.426698127614531575e-02
-5.773603806876523997e-02,5.614317244305577076e-02,1.221792647863323977e-01,-4.631880633556020865e-02,-8.900838863936429146e-02,-2.238916951445946851e-02,1.058866383401134252e-02,-5.400356199177935856e-02
-1.401489157547840085e-02,-2.187355909711448387e-02,3.323136511216554650e-02,5.406004001710568857e-02,1.762127200563651797e-01,5.522507510680651349e-02,-5.738192686121507124e-02,2.849070005949199541e-02
-1.067972367756203772e-01,-2.994484017555624350e-02,-4.090304411956960373e-02,1.183266040356908133e-01,2.246577390429083197e-03,-6.118832399448913273e-02,1.030837907069069165e-01,1.385931540560124964e-01
4.261471121089938779e-02,-9.782733725704434447e-02,-2.047460302306413626e-01,3.016425904465987184e-02,3.609240057785793182e-02,1.841275655295773750e-01,-2.775642535906630223e-02,-8.892982327058894521e-02
-1.359077086027787873e-02,-3.480442894664909081e-02,-3.480765010490543404e-02,-1.029447078509712205e-01,1.508423608197159149e-01,7.169741718862462920e-02,6.292861539033714480e-02,-1.527202544572462961e-01
-7.190104120245698061e-02,1.140300713004557299e-02,6.281233275307869512e-02,1.168211435037988938e-01,6.008496402632996364e-02,-1.752893897122097810e-01,2.580442287371201987e-02,-1.296046685284574229e-01
-7.081814928764199046e-02,-6.995928562881589818e-02,1.245605401110537191e-01,-7.558631455954777090e-02,-5.212049131366196242e-02,1.664741442709415445e-02,7.294450784892575479e-02,-3.505122608547656810e-02
-1.429162377455377719e-01,5.074008383312780812e-02,-1.754423192317595623e-03,-1.418704234513052179e-02,9.527478151657371719e-02,-1.267576636959387992e-01,-2.820095007067113801e-02,7.502180409183041576e-02
-1.704285328849658165e-01,-1.278246817813936675e-01,1.431543346271063055e-01,-1.219165349806809739e-01,-1.902681785252721344e-02,4.358218645720502576e-02,1.367625882222478217e-01,1.260492910620376050e-01
-5.486408900070211675e-02,1.458408937805890926e-01,9.279433156156952078e-02,-1.128743894939223114e-01,-6.432412908942926333e-02,9.813420830437044606e-02,-1.389023087560690983e-01,8.120619521034153077e-02
2.067811743423382119e-04,-1.087901561734955641e-01,-7.616631291103870272e-02,6.948579398667534268e-02,-1.202989039047034914e-01,6.697215073077454617e-02,6.256263212985319067e-02,2.242867032476441799e-02
6.720261223877369017e-02,7.486024194558213440e-02,9.482760237646069290e-03,-7.071595136636120438e-02,1.509332376855048174e-01,2.262292974292585968e-02,-9.442321545319543041e-03,-1.675946553728968336e-01
1.217968205313607437e-02,3.264789394504451214e-02,2.083146091610478881e-02,-1.403044895375761270e-01,-2.410723903944633761e-01,-9.004341854102759779e-02,-3.544906560169341220e-02,-2.991300623347220231e-02
-3.186204301376876491e-01,1.209624129035826862e-01,1.025365306328175907e-01,5.337562557645950112e-02,-6.232050173852090105e-03,-7.350297361954870323e-02,6.481708539003432079e-02,1.076419463525858655e-01
3.892315289558750252e-02,-5.247169062276491741e-02,-1.234143106711046711e-01,-1.041865512345359172e-02,-8.577989028059379573e-02,1.235255356264552545e-01,5.628749160243220334e-03,-1.140165568742293606e-01
-8.473490085019684537e-02,2.477119820143925538e-02,-1.708438636044316014e-03,-2.198680906851700756e-01,1.008362842362920675e-01,-1.837641638467541472e-01,-9.012884910004517747e-02,1.197418809106103321e-01
-1.245960922483801692e-01,1.305879819842035161e-01,-6.805300620151670532e-02,-7.466002454238146457e-02,4.177594439468067244e-02,1.999476173325925310e-01,-4.524745153704340384e-02,6.758304330861659992e-02
-2.680413319474636014e-01,2.484719746701054624e-02,-1.015134156321687853e-01,1.131092564537149042e-01,-1.296182752820023987e-01,-5.527023582452520074e-03,-2.736780235891533505e-02,1.579279013968865053e-01
-4.439094250612283382e-02,-1.194942388723479187e-01,-4.071558121245256318e-02,-1.463637836264471831e-02,-9.088953034492466485e-03,1.014840191670370560e-02,1.739867368331762809e-01,-1.315339290565763763e-01
1.159811734174096137e-01,-3.339498705751599295e-02,-1.165630532125934427e-01,-1.427335235815395120e-01,-3.257212762685252755e-02,1.866530890617832117e-01,-1.895053712698433271e-02,2.700955884130301077e-01
-8.042014459207462440e-02,-5.112883181631687479e-02,-1.105835465716818594e-01,7.529792195490402074e-02,-5.770411835162882891e-02,-1.910075441785442640e-01,1.018292119941184015e-01,-1.671555790072538905e-02
-5.014446607672708167e-02,-4.279352823907871251e-02,-1.013495610521269602e-01,7.086985227412247179e-02,1.521825714063958918e-02,-1.541632776168760377e-01,1.282025499241129518e-01,-7.727213021442640335e-03
1.479519338182600507e-01,-8.260616013604878127e-02,1.675095759324323266e-02,-9.097356613969944132e-04,1.541965411447239302e-02,1.048549473438638649e-02,-2.551227856771551630e-02,-3.314949323941446258e-02
7.614607786717458859e-02,-1.643857020389749568e-01,-1.459150918827923638e-01,9.483562159763134214e-02,1.043621131052323292e-01,4.840688177205836745e-02,1.581710340043951390e-01,1.563680536077591277e-01
1.433171929381754292e-02,4.931687959355462308e-02,5.612089098121204531e-03,1.406751401259229151e-01,9.936346367737321217e-02,5.619818064417313880e-02,-7.211981537250525265e-02,-3.532030887221760534e-02
3.101940663855203700e-02,2.468106382845373925e-02,-4.510558805474449741e-03,1.383151802550759424e-01,-9.325736679413267061e-02,-8.777319779848842540e-02,1.377315188399464985e-01,-2.413616334370104546e-02
-1.671446634857659264e-01,1.116402490916298673e-01,5.174825954266969175e-02,1.078534960497950640e-01,2.053322557766175047e-02,5.931800408999964025e-02,-7.508495384393455707e-02,3.120067343902549473e-02
-3.926408231122902048e-02,-6.144312003994405191e-02,-1.203173791213066751e-01,-3.232859149299080470e-02,-1.425175627857703242e-01,6.569749973545380151e-02,-1.182365671188356504e-01,-5.129150466596498273e-03
-6.820680278249101336e-02,2.677753817280367418e-02,3.278156739385487684e-02,7.303154586875441889e-02,-2.059619997530124508e-02,-1.419451136603687956e-02,1.212696988798022263e-01,-1.204154242142722354e-02
1.529537242683971510e-01,-2.279311236924342898e-01,-1.228336874552150432e-01,4.711954543501997023e-02,3.726596219468905624e-02,5.296380903870818307e-02,-9.932568028839004748e-02,-7.851057711184376842e-02
-1.958913528649983225e-03,-6.356040386197364667e-02,6.821724056941549930e-02,5.887730897761009330e-02,-1.479514709703632080e-01,1.417481696364133840e-02,1.361879884896262660e-01,7.477842103771033255e-02
-6.959856966484266605e-02,2.418339857403934215e-02,8.907975539005334731e-02,1.948204409403809512e-01,2.147444874282036786e-02,2.006893142333527058e-01,-3.557741713334090783e-02,-5.161213007534257158e-02
8.162310032558807438e-02,-2.057359258276636113e-02,2.594583764486030897e-01,-8.708897539852901437e-02,5.544891864881178190e-02,-1.424283956241261806e-01,6.238637537865081989e-02,2.178595487721107782e-01
4.013647581335946790e-02,1.913793722948154974e-01,-3.946360724031099110e-02,1.309446470438429544e-01,-8.300183538275532347e-02,-3.091702420706246221e-02,3.647281277304544739e-02,-6.039020846204529169e-02
-3.862948035334647784e-02,3.627983121982183284e-02,2.220327018304497357e-01,-4.765215997488932154e-02,-1.178400704630995326e-02,5.950184566599621416e-02,-1.754286792217048530e-01,1.670777659420558392e-01
1.025172747560717940e-01,6.278062390175227769e-02,-2.080598149255310364e-02,6.383636240641610282e-02,-4.131565201581812591e-02,-2.053565859394618498e-01,1.472594953973600795e-01,-1.023733654271537230e-01
-1.104882698176370276e-01,1.556780898479989961e-01,-4.947951416541159636e-02,-9.138466276842105440e-02,2.872395418183587568e-02,-4.831881961203524090e-02,-2.665972726077123212e-02,-1.874599714288304186e-01
8.131091573395866912e-02,1.545609215831882377e-01,1.005938999248501553e-01,6.158873937412277094e-02,-1.061150641460944892e-02,-1.046607184458940853e-01,1.082573436951305423e-01,8.884350983718122818e-02
8.240250835795125128e-02,8.910640437571643035e-02,-2.207664718193453474e-02,1.481754729967866002e-01,-3.189779777409517542e-02,1.887198717671552742e-02,-3.025890389105195116e-02,-5.092939958806569356e-02
-5.589731418246222938e-02,-4.965632904263675429e-02,6.644703777984473786e-03,3.323444089769427706e-02,1.458376701987534607e-01,1.496174075372753431e-01,-7.593881786179741342e-03,-1.471192112703879618e-01
9.700491747555406441e-02,-7.292971125814616540e-02,1.019828362595616017e-01,-4.569837358661292537e-02,4.294953033727945402e-02,-1.256882901323015667e-01,-1.780867794253281899e-01,1.605117949534200228e-02
-1.094791556761498946e-01,-1.114736878849419410e-01,-9.394608827646924731e-02,-5.537771778815436807e-02,6.936916924655051053e-02,2.212315231115637160e-02,5.747178459501531148e-04,-4.401451353907401276e-02
4.266104520173014808e-02,2.171630939029919188e-02,9.778100135865470943e-02,1.349748788576375924e-01,-2.044512386153340133e-01,-8.268948314320190285e-02,-1.983801033309033970e-02,8.502159093266115075e-02
-3.051636243939407842e-02,-1.934415283070122782e-01,5.789560266533227972e-02,-4.586728178178305082e-02,-1.343608824180530237e-01,-2.683228414074879942e-02,-7.687817052491688341e-02,-6.850405060826073034e-02
-5.001712200716234430e-02,-1.286280823625548519e-01,1.864018035323830036e-01,-2.429511451013726675e-01,1.272826786162527257e-01,8.300837554186506206e-02,5.014242798064525580e-02,-1.243848593594729969e-02
1.724335826867246790e-01,7.238613752251123190e-02,4.175806402331010830e-02,-5.202263757641033270e-02,2.202520232597662275e-01,-1.981997949945472556e-02,-1.904363138233280961e-01,1.314911952988624400e-01
-7.923739678983424128e-02,4.931941677390192652e-02,6.946413400161999263e-02,-1.252251911874619206e-01,-1.932808921913460876e-01,7.452122889589406218e-02,8.906496562703310194e-02,8.810045374881039781e-02
-1.821961637118624591e-02,4.328528634894658611e-02,6.563132695439025110e-02,-1.477691050738253464e-01,-3.125856423338107398e-02,-4.637097552623108826e-02,5.467868947947351899e-02,-2.195682873273811508e-01
2.275164184406634205e-01,1.349363443779643124e-01,9.209143030901685567e-02,8.326358809300141162e-02,2.334131067927882816e-02,1.189618952632842258e-01,1.311106530484621724e-01,7.732492029526547538e-03
-3.642903064143063196e-02,-1.313596899398263296e-01,1.771366703114221897e-01,-1.294465234053231162e-01,2.585086959457041922e-01,-2.711130922532167253e-01,1.011210697739937762e-02,2.989332079488281682e-02
-6.362815332063961882e-02,-1.327662250545491029e-01,-9.032327122386693552e-02,1.059910298195326367e-01,-1.187199208025913576e-02,3.491459096875636908e-02,-3.759240449575138032e-02,-2.476169188290026635e-01
-2.101574986253010660e-02,-2.250558165183929107e-02,-4.959276502853355445e-02,-5.940638886904297394e-02,1.479558740844621467e-01,2.037771542992504181e-01,2.090828926726689407e-01,2.601405569644565374e-01
-1.008350194283621701e-02,5.511484992137210583e-03,3.000368530703848707e-02,6.111036580319498257e-02,5.595973025536889189e-02,1.483696472346758277e-01,-1.150917649238238499e-01,7.268328122354235366e-02
-8.279780731123126403e-02,-8.152269205117300063e-03,9.555013031749154395e-02,8.463920052666716251e-03,-9.649169480439328053e-03,-3.981143894144146406e-02,8.263862814419013422e-03,-3.313724399323610126e-02
3.150558104466771869e-02,2.651482435476988989e-02,-2.051057635460216133e-01,5.168702924079022348e-02,-1.737160575580105892e-03,1.937334706006252627e-01,-1.234169100570893796e-01,-1.628003233015947737e-01
-5.419747116545328702e-02,-2.988845953327223456e-02,7.012461593209882993e-02,2.198724253981058224e-02,-1.559442384546916027e-01,-1.018705171243742234e-02,-4.098262624665176268e-02,-2.353019528305335673e-01
6.846914958433930609e-02,1.466225216236186069e-01,8.646890958791661475e-03,-5.548118488511928625e-02,-1.592241682785166396e-02,1.150045419135229952e-01,-9.095695316589487434e-02,2.373549360635535815e-02
3.259182409495770677e-02,6.480927825582714907e-02,3.585098799304015094e-02,1.053311629572257074e-01,-1.622793255944264025e-03,1.192071197181853587e-03,1.374581788391074887e-02,1.067936739796642859e-01
-1.225312640421622051e-01,2.320134430839443929e-01,-9.492808252804597891e-02,2.782449659729780422e-01,7.969324931069954321e-02,1.840677210807703523e-02,-4.286347062997330343e-02,2.538452317690543039e-02
-1.174973718517389881e-01,-2.772022319642410484e-02,-1.173181360541058343e-01,8.067974780997363982e-02,1.213521826071851800e-01,-8.941891789494546550e-02,1.045009297669136916e-01,-3.064786577354980737e-02
7.717080598893870380e-02,-1.704715519171242644e-01,-2.257893499960982736e-02,-1.131438442350283929e-01,-1.753155900626931010e-02,-3.871511738087680260e-02,-6.141223674725236614e-02,1.385749285680061282e-01
8.979282034152161196e-02,-3.934833371744564379e-02,-6.619917148238112226e-02,-5.190248783197989185e-02,1.034484624893008409e-01,-3.698977762114140366e-02,5.475109204968484078e-02,-3.766835243209031014e-02
1.525065330407098137e-02,9.846379978211118600e-02,1.614289033400901074e-01,2.315109376484674950e-02,2.073248054525434203e-01,-4.966184068025187442e-02,1.789184728685044509e-02,-4.122254851498628053e-02
1.590962389858909809e-01,-6.362828957088620396e-02,6.612227248662341794e-02,5.535894387011049134e-02,4.492845686993285348e-02,-1.363091195989678817e-01,-7.824127930810391429e-02,2.916682891244448683e-02
1.390331538867825567e-01,7.228643083635857836e-02,-1.420434144403239229e-01,-1.981268009634802596e-01,8.016875463214732933e-02,-3.123414471558535674e-02,-3.775378018123558277e-02,5.547126611362632187e-02
-1.491472945346595524e-01,-7.844272848865563308e-02,-8.838440825029236780e-02,-1.473702679512321409e-02,-4.491799098833075543e-02,-6.413223074157474446e-02,-1.439033516598579310e-01,-1.096275723248310990e-01
-1.219558776264644956e-01,-1.426234858787191473e-01,-2.394407388176653800e-02,-1.462838738197738131e-01,2.441813058918329282e-01,-2.594718545423635708e-03,-6.994257627739410010e-02,-6.094121690006184394e-02
2.492274636939411508e-02,-3.533953454867495153e-02,2.034043819800143704e-01,-1.443916819607711510e-01,-3.567783910559260002e-02,-4.800659912067011675e-02,-1.009444980498489103e-01,3.455466785650994355e-02
-1.284685254012334632e-01,-6.513585555303144647e-02,1.180462006190381163e-01,5.624112844370905695e-02,9.716262569796754733e-02,9.648220858068017047e-02,2.527332993763139468e-01,1.944332892840769378e-01
-7.340461048029248148e-02,-3.611822642986447498e-04,4.488852616321849925e-02,1.320176227949412529e-01,-3.351122310452752523e-02,-2.698470357590597099e-02,2.031824514866042986e-01,-1.026892238444948730e-01
-8.377244198185461455e-02,-1.097703857906118935e-02,9.323619221813253533e-03,-6.877865222814993906e-02,4.003417854249596841e-02,-3.779192838329230308e-02,8.166541070730794216e-02,-6.165424664979288899e-02
5.189454740055107762e-02,3.248804578877152044e-02,-1.133675258732710737e-02,2.554915838143223886e-02,7.117741154048051744e-02,-7.414718904324073268e-02,-4.353026229745366252e-03,-1.583355470519279828e-01
1.225593468761705523e-01,2.836210830545227157e-02,1.430430562399826432e-02,8.908602831783217491e-02,3.390065566615663856e-02,-5.138092108447944034e-02,1.373328118555370569e-01,-1.267233803078403331e-01
1.479816355254390259e-01,1.472616609509714847e-01,1.142227556087920398e-01,-1.635473770017331283e-02,-1.463623410269356551e-01,-3.408215592045011136e-03,-1.312156362143096777e-01,-1.684441705396456240e-02
-8.834596723997445444e-02,-4.184184962781178907e-02,2.131204567358117169e-02,-2.229550955521981126e-01,-2.030633602673728375e-02,-8.890903744230536920e-02,1.454498554892269535e-01,5.534184682476376779e-03
1.692622872414476787e-01,-2.797483285388995336e-03,2.519498172009060344e-01,-4.405704938418297106e-02,2.420420045444251211e-01,1.809336477534688181e-01,2.619535889653445623e-02,1.681646624417315605e-01
9.720078220666453217e-02,-1.841560730617932892e-02,-8.724029707191745253e-02,7.367406721736542707e-02,2.275349103338260015e-01,-5.057311115316520667e-02,7.306728827260368375e-02,-5.608872769247261192e-02
-9.871953127337253220e-02,2.411492466488877884e-02,-2.347234969765318036e-01,-2.084149548861942078e-02,-2.279676889790318434e-02,-2.403949207539240671e-02,-1.938181234960333413e-02,1.520537038651969264e-01
-1.475627028773688620e-01,3.447591861539916341e-02,4.905267817420009419e-02,-4.076916925553416985e-04,-1.620105394940081767e-01,8.521677665659607367e-03,-1.010702273465924617e-01,2.256796980925273310e-01
1.444193926507679644e-02,-8.095072979459713713e-02,-1.507192514358400744e-02,-1.457569017984775284e-01,-9.850947712372605525e-02,-1.229487333399188233e-02,-8.915372716927918995e-02,-7.309467461918962849e-02
-9.237736494120822248e-03,-1.511923446361156664e-01,5.093699852596930006e-02,5.490026595713973917e-02,3.942614917733557739e-02,1.086486486687471276e-01,-7.343575462665077880e-02,1.494064921055671402e-01
-8.270671853247740790e-02,3.145712814439922955e-02,1.293233496402858285e-01,1.245621306374435633e-01,4.385871299721130073e-02,1.067647611292128762e-01,-2.392371238282089627e-02,-1.643474386584984626e-01
1.107150046781033570e-01,1.866222222599955016e-01,6.516711955518129928e-02,-3.702825199795125449e-02,-9.571764486768588945e-03,1.137082767255375160e-01,-8.833389173128140814e-02,-1.609672218865480231e-01
-1.201462924052731571e-02,9.387160642874473049e-02,1.241439572540897485e-01,7.405133233629127010e-02,-1.190099112251120743e-02,2.327334177769222606e-02,-1.458323852650626924e-02,9.363551613914171401e-02
-2.815068213759491789e-02,-6.039969371631611489e-02,1.280932073466825027e-01,-4.208844535231005823e-02,-1.581548639515409360e-02,-1.847090386748896362e-01,2.867420513984238542e-02,3.188216790539585843e-02
-9.485875688075105783e-02,1.373005805670756974e-01,-2.087630027899919222e-02,2.145827742395291782e-01,-1.296109152833797851e-01,-8.948002946231951860e-02,3.200786068450477834e-02,-1.668075664285567083e-01
6.622824044844692615e-02,2.971770652673640708e-03,-8.967617832361365893e-02,-1.666939053527672909e-01,-8.841373815316662388e-02,-8.675730240368074997e-02,-1.388079780814547269e-02,-2.033047976425395864e-01
6.738506808690121475e-02,1.184695350963875238e-01,-9.574261933627583807e-03,5.281422873561444561e-03,1.183612586049099663e-01,-1.240076104003354496e-01,-2.449577713138168314e-02,1.474896739872890716e-01
4.925149032967954255e-02,1.682151465592301720e-01,-8.996759049569380551e-02,8.905520122495175217e-02,-9.432082871663950707e-02,4.466182685080111875e-02,1.864336362598750241e-01,-2.039614927452850501e-01
2.143128344691282994e-01,-1.163643836701991480e-01,4.489045586890108575e-02,-5.789353855519038979e-03,1.198763758687875908e-01,-1.144223551541981472e-02,1.266256400071411048e-01,-8.428038955526746812e-02
2.211131134508920182e-02,2.316733223984390744e-01,-1.778044122655660364e-01,-1.596480456974433693e-01,3.909148683577183536e-02,1.108884671388419563e-01,3.475844390271169010e-02,-5.687508822260871344e-04
6.194994158489441211e-02,-3.751483268036230612e-02,-1.124551914423152915e-01,-1.970979937307052159e-03,-6.804736852061785135e-02,2.233998681635085970e-01,2.315457056394642707e-02,-6.088925340934726177e-02
-3.167217067769274169e-02,-1.058383612313923000e-01,-1.295270164831657245e-01,1.191208138424047630e-01,1.234418417939075162e-02,-6.128808420023942882e-02,4.463726699193365510e-02,-1.983657568992800713e-01
-4.625822819488259463e-02,-1.018125611408168263e-01,5.074925874291600497e-02,1.244625490431224973e-01,6.170933589860539553e-02,-3.361701593723539355e-02,1.778542158115403171e-01,7.343509170911663442e-02
6.005747451331508446e-02,6.237111256214875749e-02,-1.164681471976121013e-01,1.226879879076059332e-01,8.810355594169221038e-02,1.350553013507695965e-01,-1.530994505526812009e-02,5.959597569765779507e-02
-6.784898370111340504e-02,-9.677247499070416870e-02,-7.413156066827598922e-02,6.408026414133416448e-02,-1.859194586525270143e-01,-2.827931049910367353e-02,-2.352114837836712796e-02,1.858546146809046118e-01
2.150152241648344703e-02,4.178221330709004644e-03,-2.947091678822122418e-02,-1.429216958822235872e-01,5.034449388203203826e-03,1.127974678442130452e-01,3.370230139926969765e-02,-2.057058664779449209e-01
1.721824079153146392e-01,-6.396768141376830107e-03,-1.593592684816982430e-03,-3.642247971005499463e-02,3.132944291285854055e-01,-3.656957004590851573e-02,-1.025841585559251895e-01,-1.396939121064689204e-01
2.636738251450591042e-01,3.021298355623955670e-02,5.322398436526405013e-02,-4.001003456296095551e-02,7.846878410434489359e-02,1.579052832538799592e-02,9.147610682778363825e-03,-7.604788966738029732e-02
8.015759170203332062e-02,8.836300967797924844e-02,-2.664105509992865661e-01,2.765442484475787513e-02,-1.347468884774158382e-01,-1.107060627358955190e-01,2.186919046032740135e-02,-6.123991272583872991e-02
7.789355414870090255e-02,7.607313821986436131e-02,6.490179058081831098e-02,-2.175458141979115436e-03,1.397417275742520171e-01,8.217551461957720016e-02,6.857851127763012200e-02,-2.756152306133595742e-01
9.283150344261406617e-02,2.796671250621577537e-02,1.289436065657391106e-01,1.953682039886036892e-01,2.319329789345182802e-02,-7.431746302011568717e-02,2.537592778019754844e-02,3.926395991062894136e-02
4.622947357922733980e-02,4.688035414035936904e-02,-4.577773795649552058e-02,-2.350901106926347739e-01,-1.112413917806266556e-01,9.292781033936303725e-02,5.242185765602219022e-02,2.215749230392492428e-02
-9.293504132003062301e-02,-1.494042830259646737e-01,-4.302544709586168109e-02,1.118144155958385316e-01,-2.603930434381650401e-03,1.368094947589121591e-01,7.129289626398175976e-03,-3.381049056680126425e-02
1.284091642883079254e-01,-9.165076010603749601e-02,-2.258105326028083532e-02,2.266008274834888439e-02,-6.447358665152028157e-02,-3.266044186746520916e-02,-6.378463283797743133e-02,-8.750813016510411435e-02
-1.294586675300807288e-02,-4.831160234465654846e-02,1.706009054899628730e-01,-3.089829366391952034e-02,1.940637933640082524e-01,7.662723345985003598e-02,-8.199009652296176953e-02,6.728282934614332467e-02
-1.310367703713066767e-02,2.072326027352359296e-02,-2.049906841112313360e-01,3.446413904055582733e-02,-1.913298740908790097e-01,1.232100241146437680e-01,1.394112651771663991e-01,2.650218771302926754e-02
-7.403900822254047553e-02,-2.871496353423758641e-01,-2.129716449117542709e-02,8.482430384932275469e-02,1.798918107696092367e-02,9.715965109819352241e-02,8.698263359512485582e-02,1.056657701958715473e-01
1.002626163986641838e-01,-4.172885502737479907e-02,-1.099012571723205905e-01,-1.319507633230400934e-01,1.681024021939531432e-01,-2.286613854394550609e-03,-3.017781930700261630e-04,-1.538729609422039013e-01
-7.613856713104077967e-02,2.338309132625600306e-02,-5.476052208718356490e-02,-1.943293259178326474e-02,1.220569623120510705e-01,1.964223170873051205e-01,2.239643291000684433e-01,2.204093264014987674e-02
-9.860368501969193900e-02,-1.253993540167457760e-02,-1.436365160984778844e-02,1.086482118468229813e-01,-1.203234736768201557e-01,7.180003512219960971e-02,-2.228079279064907325e-01,-1.289372288722303306e-01
-1.195488298834350704e-01,2.244228795150518541e-02,-1.405804732890706121e-01,-1.077759862997714618e-01,1.074410258550428793e-01,-2.460629879000349740e-01,-7.510644993785003422e-03,-1.175540732523715076e-01
-4.358544620341713027e-02,7.896812262827246354e-02,-1.301867101519592063e-01,-2.805509520171901167e-02,-9.520918274479869825e-02,7.351092455388891223e-02,-1.321232924925012098e-01,-6.017706697556227807e-02
1.832961669505536184e-01,1.857307292691797174e-01,-5.387851443140675989e-02,5.199057192174424274e-02,1.476966228985659713e-01,-1.469398855463828826e-02,6.766476881609746752e-02,-4.758071112801102315e-02
-1.581147401243668607e-02,2.537270767215981521e-02,5.576038164798112484e-02,1.166104709150374980e-01,2.374434076214618217e-01,4.765612303509286080e-02,-7.790716202915189126e-02,-4.361445713600830415e-02
-4.121021727823188756e-03,-1.473975381866886661e-02,-1.220173738298629823e-01,1.045108862208287970e-01,-2.054726012105839439e-01,-8.696045376788096026e-02,2.703331496734317704e-02,-8.804957732398743797e-02
-2.329807201193362098e-01,1.350346873103775436e-01,2.230219063285884817e-02,1.342257030344048974e-01,4.211441004358873474e-02,-3.871644208092355627e-02,7.312950430306398852e-02,1.648805889401844249e-01
-1.313663342937287058e-02,1.023949327347980914e-01,1.078520290959732453e-01,-8.032982377515704431e-02,-3.770687154926207624e-02,4.184016728422032538e-02,-1.818114055663653528e-01,-1.216303175521553231e-01
2.249116401162172887e-02,-9.549797812778339223e-02,3.548036803013794593e-02,1.152961502641544275e-02,-8.972248908668348233e-02,6.832481020810035610e-02,-1.438298822669658861e-01,8.411826135606766119e-02
3.887767107044743167e-03,-1.847869845549855727e-01,1.886186216583694564e-01,1.197215402082375674e-01,1.754622047407902383e-02,1.058347786483931213e-01,8.399047390253269740e-02,-8.081640764997106985e-02
2.213020778875324918e-02,1.918329198245054268e-01,1.705099624759272570e-01,-7.566013404317636568e-03,-2.981756193735948107e-02,-1.224732436344584119e-01,-5.980232001978300072e-02,8.123030800360496462e-02
4.470391112656105573e-03,-8.302161240685869414e-03,-9.142791286275177287e-02,-2.583652409109989459e-02,-1.970386734762251402e-02,1.416725468860086379e-01,5.670733612369512067e-02,1.605921073486754613e-01
6.954643027205995032e-02,3.100336297701497545e-02,2.017650165253526418e-01,8.851768971634174643e-02,3.496082479035546309e-02,-9.970424647583364663e-02,-3.114007639826054177e-02,-5.611962492850774281e-02
4.814356248636529612e-02,1.727605923876542049e-01,1.481326574170092614e-01,-3.979635256477753041e-02,2.695378641630165606e-01,-2.674812350910010100e-02,7.056234457436971752e-02,8.573462031962800906e-03
-1.214817800534346987e-01,-4.113981214874024711e-02,-6.648535263174823462e-02,-4.099773435475363020e-02,-4.682852071991460557e-02,-4.744671909397250170e-02,-2.218172734657150591e-01,-1.759878399678376990e-02
-1.524544013671997322e-01,5.237202632572352662e-02,-9.029326792295405690e-02,-1.286782761140077280e-01,-3.365931363955702860e-02,-3.706167947430184795e-02,1.853322050616207639e-01,4.764558739123911368e-02
4.177583993028993747e-02,-8.382317962765142849e-02,6.461299073957542383e-02,1.250398154101781817e-02,3.695439304579258011e-02,1.515939183871889417e-01,1.536728555020228267e-02,8.147679870619715936e-02
1.374302111388443215e-01,-5.211360868170724497e-02,7.946258487034131568e-02,-1.919198047946926722e-02,1.092568368849102384e-01,-5.209216544918757880e-02,1.372806540820780026e-02,-3.074622625143061394e-02
4.606156195541578208e-02,1.087902540776721112e-02,-5.555256526796308048e-02,8.983809991837675424e-02,-4.801290717745666792e-02,-9.635975500412370665e-02,-5.675290866068945228e-02,-8.990689432316886776e-02
-1.638030151358663838e-02,8.340122674791715374e-02,-9.084256789218973782e-02,6.156225836327917228e-02,1.653202869843510281e-01,-2.693711207151093176e-02,-3.020878981687478287e-02,-2.597625778338431488e-02
-8.149541626782116910e-02,-5.367091197482931619e-02,1.384685137154422763e-01,-8.547920219203593295e-02,1.183508378450903557e-02,-1.939070597576400268e-01,1.135741282802206209e-01,1.969892374416994940e-01
-1.897020921724300868e-01,-1.095222132885503852e-02,1.162959290159800013e-01,1.009950574063327444e-01,-2.425831661830045102e-02,-8.814735497871044323e-02,-8.770378718597043877e-02,-1.000070736474071263e-02
-5.676621747288235903e-02,5.732604625503611578e-02,2.322589520818675313e-01,2.565839995863635759e-01,-1.226208016783765786e-01,1.331362262719348599e-01,-1.850653816443938449e-01,2.590140388927541018e-02
-4.369483173543524390e-02,1.192156357543105311e-02,6.704304004187480737e-02,1.004426635027292625e-01,2.507515650686122366e-01,3.942924098307726971e-02,-1.600734089626168130e-02,9.863302758804587400e-02
-9.613942195184700668e-02,4.317609759719574086e-02,3.185167499085186926e-02,-1.832250014509045899e-01,2.727255241824107571e-02,-3.800400938543700008e-02,-2.048192136313358586e-02,1.366023278401792655e-02
-7.626476300283411072e-03,5.832489759549663866e-02,4.394622385537969023e-02,7.613582125105905485e-02,-1.472194899319160567e-02,-2.560522926595741253e-02,-5.249074089291652645e-02,-6.904639719847051327e-02
-2.018265481210360923e-01,8.495786632708916819e-02,-1.927179582349797804e-01,7.281026047031652348e-02,-6.569906166329307629e-02,2.554141093893990896e-02,9.654369192448712667e-02,1.929192447568589819e-01
-2.193934233221917288e-02,2.793768958128233643e-02,-1.057668952181829436e-01,-2.802154155681142733e-02,1.464627508790404022e-02,-2.006745769972659299e-01,1.348585259227487280e-02,1.452541168690493489e-01
-1.035897552354567500e-02,-6.280074727109595523e-02,1.347330613677912570e-01,1.241452780232581293e-01,-2.523359730334547024e-02,-2.699363132627257689e-01,1.725915629423282749e-01,9.380869531675331552e-02
1.415764032285024045e-02,3.188581989292574997e-02,-1.108974842361820368e-01,-3.764180769899367479e-02,-1.176739266908647663e-01,-1.369635636919309778e-02,6.960177218892756035e-02,-1.817143607878770328e-01
-2.186910714111486576e-01,2.001469040120683329e-01,-8.226788323194988983e-02,9.047165057801899446e-02,-1.001268228588287762e-01,-5.585672478682722486e-02,1.020373626356525093e-01,1.101606639184366659e-01
3.813067314177320290e-03,-3.459412728948016436e-02,8.253788203636726328e-02,-2.471262921538714963e-01,-2.482869966459222769e-02,1.336942562720147831e-01,3.715732333883341870e-02,9.960222510797295259e-02
-1.905632088607334684e-01,1.772115080545405910e-02,4.953843614822501379e-02,-5.368024005497581963e-02,-1.108813527994751726e-02,1.555746903660060743e-01,8.272752677324529680e-02,-7.678224923535320601e-02
-1.385722915058050508e-01,-2.951923562939284262e-01,2.910622539411619747e-02,-8.659804512676726185e-02,-6.555653145008472071e-02,4.094532793339427518e-02,5.704384931200535275e-02,-1.422642104967175858e-01
-6.289019308891162507e-02,1.203423283544713812e-01,-9.805987008510985703e-02,-1.274474097033222730e-01,8.944552428587279613e-02,-1.280083338959087658e-01,-1.287160468077643005e-01,6.286332662565510820e-02
7.907672817294413015e-02,3.686046029811452379e-02,-5.596329114129881821e-02,6.701881738291209922e-02,-3.962554457370666416e-02,-3.741127222919549133e-02,1.894359506303923760e-02,1.315776323521820335e-01
1.297890100794518199e-02,3.343095261590451478e-02,1.709668882140115420e-01,-3.178663102838987647e-02,-3.937502179466044298e-03,-2.274070207029096347e-01,9.309150060526499588e-04,-9.760461993888512600e-02
1.340023521655897831e-01,-4.320730026282352393e-02,7.420659501810544789e-02,1.066381972718179055e-01,7.113613603169319233e-02,4.246088834442892507e-02,-8.168260041775288194e-02,-3.363567371794010108e-02
2.158823405439259380e-01,-3.177803622278764506e-02,-4.465467000673373904e-02,-1.606567763334258436e-01,1.471914540429241913e-01,1.563046600055998936e-01,-9.550790545607863724e-02,9.480541951581164528e-02
-7.384586265603994282e-02,-1.223542301416481598e-01,-1.161966950826992667e-01,-1.407620067441039957e-02,-7.055453414703620474e-02,3.274370043364077665e-02,2.060020296008849283e-02,-1.373264567592046709e-02
9.283927092555827564e-04,6.374842046802485507e-02,-2.393366145932487518e-02,-2.503952657971897713e-02,1.073977576662709238e-01,-1.279488726599453674e-01,1.224586640789138842e-01,1.448061586798102540e-01
8.873413266251398146e-02,5.796805462031128647e-02,2.139266968279249781e-01,-1.063363259317877049e-02,4.737384765340006687e-02,5.315077423032583959e-02,-1.127797557658926225e-01,8.296875234541783994e-02
-3.320014527534664861e-02,4.006885158958337079e-02,2.307193661436448273e-01,7.993389275336698629e-02,-1.391791072561168185e-01,-3.481989747157481635e-02,5.274545670663452479e-02,8.590731988139273245e-02
-1.289201063159698124e-01,-2.752966025064955760e-02,-1.082348062934648065e-03,-5.937486472757667194e-02,4.831195268609748267e-02,1.557683651272079306e-01,-1.717320006167405780e-02,8.144504265186246206e-02
-3.433587134612905989e-02,7.595511603391497113e-02,-4.515693674680106018e-02,1.037323821623199575e-02,1.110975083788157645e-02,6.158176684132144613e-03,1.279733371947243403e-01,1.613173296853227245e-01
6.988569790052406860e-02,4.799037801921363783e-02,-9.941834361743417947e-02,-5.076397656805359954e-02,4.517785479991399955e-02,-2.398309728209913755e-02,3.299720804669713931e-02,6.406620273305818104e-03
6.447228643202797260e-02,7.296634212795696794e-02,2.784793071948737583e-03,6.121270834727753768e-02,-7.407447913477696599e-02,8.678164683629620291e-02,-8.496605292297454426e-02,1.713816116605059725e-01
1.251549267198900361e-01,-5.123725671672095527e-03,6.260694987746601159e-02,-7.934386227824856419e-02,-5.937122163627459037e-02,4.209866417627603635e-02,-8.146529103129274141e-02,6.337238864421043671e-02
-1.385956519008215426e-01,9.401776683285623104e-03,6.181426546063427396e-02,9.446786811701510245e-02,-2.179907242160450398e-02,1.060920170706212799e-02,-9.447386465504822514e-03,-6.605865937870160354e-02
-1.193700997598056840e-01,-1.724897533094280899e-01,-3.363353088112654848e-02,7.233437576657046619e-02,-5.959306844261606090e-02,-3.392702497280260243e-02,-9.643920398142750983e-02,9.535823628811211650e-02
4.021948440391641399e-02,-2.830216956524548300e-01,1.185074740922428954e-01,1.083773219676019833e-01,5.759855297095948026e-03,-1.138764518301780548e-01,-1.032082376506585596e-02,-9.088464738715225366e-02
-2.453978495438680907e-01,-1.545246312773758124e-01,4.040072880664736382e-02,1.005305522887960240e-01,2.733265358783212862e-02,-1.385767062333438382e-01,5.509213975378488698e-02,-1.567400817243248534e-01
-3.728598075251168820e-02,8.569793760866861732e-03,4.097632879914135662e-02,2.959258638416450982e-02,-1.099613809070135867e-01,-1.639023995943347523e-01,3.103921994501055662e-03,-9.217979773299961321e-02
1.561161170261010089e-01,6.163336025379236027e-02,-3.065797156347285779e-02,1.486681766388160686e-01,3.853588384590909965e-02,1.341433850155000496e-01,2.828790878750573889e-01,1.273702886792094646e-01
3.445184248290898699e-02,2.367582768864326392e-03,8.691028991788050939e-02,-1.612486969505546874e-01,-7.310092337735694945e-02,2.225217455349102758e-01,-9.016443985123334670e-02,8.040706647242304439e-02
-1.751170024996799579e-01,-4.785853481995727687e-02,3.265782022563868542e-02,-5.153082854520647793e-02,4.200679512481769740e-02,-1.297487059933934983e-01,-2.228577278846910134e-02,1.257187874208264833e-01
6.268238143012243302e-02,-4.522125680623917399e-02,4.903430491062595042e-02,1.386152504142328231e-03,-3.795605012007884776e-02,-2.748779095507971823e-02,-7.486746603954128054e-02,4.768469584646196913e-02
8.223457655431005986e-02,-1.554589059924788297e-01,1.635426473731554642e-01,-2.571523442940035903e-02,-8.154259040815847737e-02,-3.964303126025348761e-02,-4.591556475743961002e-02,2.807042423219334101e-02
-2.539199405768115259e-02,-1.298566677362452126e-01,-1.708902215334560937e-01,4.282221688300603957e-02,-3.538620556752868768e-02,-9.331400533473865888e-02,-5.441370279148812633e-02,3.653027861993476261e-02
1.512800827773579659e-01,-7.654968332151156074e-02,-3.244993874455588505e-03,6.049238538276519722e-02,6.835699233299788458e-02,3.042615161674760982e-02,-1.608305785845411118e-01,-7.148464467454375415e-02
-1.099295644001430927e-01,-9.303404057318118495e-03,-2.148416303893254872e-02,-5.184569517781108944e-02,2.927047549029793139e-02,2.300442941970211319e-02,5.139187064440245423e-02,4.395161434304363512e-02
-6.622642733834493978e-02,9.949376533256065747e-02,-5.452517032746454634e-02,-9.371603052121442456e-02,-3.743761447119620112e-02,-3.797769310798924935e-02,-4.339121050466135388e-02,-3.682646766311894332e-02
1.324894923590984042e-01,-2.471175029628472353e-02,6.499732480523852385e-02,1.309728926168471641e-01,-1.828841302735770280e-02,-9.195914638974807265e-02,-1.526968483499921425e-01,-7.821937193930668386e-02
2.388074641287552535e-01,-1.041257713302404381e-01,-5.083580167735777394e-02,1.020092449399241236e-01,1.306385482724643256e-02,-1.985272284515871288e-01,1.534229568753903428e-01,8.615089969496662892e-02
1.003418029410414747e-01,1.286883123468696155e-01,1.737934385392624070e-01,2.474647186284521239e-01,1.522380939061830640e-02,4.984130438429174720e-02,-1.032946125059943793e-01,4.249341802146050506e-02
-5.281807915255706809e-02,4.434052140644870882e-02,1.733639312949107336e-01,3.358645639977478337e-02,1.532050575548843559e-02,-1.122970445808146034e-01,-3.486397218278393384e-02,9.661841767454043550e-02
3.121148684746834212e-02,1.519098955409398707e-03,-1.093592462028585011e-01,-5.710528104170844305e-02,1.462404602971791034e-01,1.433623008298805790e-01,-1.679918433232083924e-02,5.666995235137047698e-02
-8.258442269608973554e-03,-7.199759353778881210e-02,5.187198507973032197e-02,-3.601722490428396761e-02,-6.131285739516351835e-02,1.567574570210475415e-02,1.215795257358609910e-01,8.212231594673481683e-02
3.200785215602929001e-02,5.460188929309297418e-02,-1.826064925747168111e-01,2.168956508540405628e-02,-1.254801781610645761e-01,1.993116239826305258e-01,1.900319619086284773e-01,-2.321919624469602483e-01
-1.623529201856135917e-02,9.619686552762810039e-02,5.328055576048766617e-02,-2.154399885506766976e-01,2.474451828483005891e-02,-1.353685167056413105e-02,-6.193110216176998806e-02,-1.708861798092065343e-01
4.619457801646355971e-02,1.360430487026955682e-01,1.529659866561757509e-01,1.121411390466222902e-01,2.301368149806606866e-01,5.254359233145011049e-02,-2.061984883329122040e-02,-7.405639489253991459e-02
-4.609867413144740772e-02,-5.343605340794995578e-02,-7.921078975211941209e-02,2.234696926456640823e-02,4.654720553387604182e-02,-3.168546043428781961e-02,-6.090418493999996685e-02,5.646715605019549111e-02
7.285508196131616765e-02,-2.790505439597343752e-03,-7.056939410105685095e-02,-1.375370753940552138e-01,1.554761378250472670e-01,4.601868484651708280e-02,1.676836692590066846e-02,3.158627234317840787e-02
2.302568923312308877e-02,1.473619113492962152e-01,-1.222429956916346178e-01,5.702699779094225208e-02,-2.005179380713689175e-01,-1.305817299117346952e-01,-4.027392643318764009e-02,9.319928591439330390e-02
1.851591750032394457e-01,-5.721622707344859587e-02,-4.318623001664423366e-02,-1.079970245667926237e-01,1.393590506819013530e-01,-1.251586653975853567e-03,-3.858393132807413223e-02,-1.057720699416909577e-01
1.009542858055392789e-01,1.143778948587840898e-03,-1.740019291934989318e-02,-1.295611764397063513e-02,-1.099274517083116826e-01,-1.461777807563685930e-02,-2.471476143269240311e-01,-2.437777021628686758e-01
2.338180541460431819e-02,-3.329723486670718019e-02,6.200271597211261254e-02,-9.537562418126688257e-02,-3.415265264272507317e-02,4.014699477246363307e-02,-9.620249525895942233e-02,-1.260173663048311521e-01
-1.238865873321197408e-02,-9.819813210266961634e-02,-1.676827166289115156e-01,1.392054976701978253e-01,1.186493768470767672e-02,-6.791718544866572060e-02,6.978738483986272022e-03,-6.283886872316755967e-02
-2.382411610067379504e-01,-1.003854721818829288e-01,1.379082628925727416e-01,2.736823059556132282e-02,-5.020687427059614821e-02,1.378186394205460630e-01,-7.530571731937546476e-02,6.197140229846985482e-02
9.021843760717397631e-02,-8.282204949126767413e-02,-6.668475150366180715e-02,1.379732743713464049e-01,9.552900386696415447e-02,1.468473646431285584e-02,-1.440910627925882093e-01,3.361529557995972251e-02
-3.114467544945081698e-02,-5.801392712381580642e-03,-5.900066879807083775e-02,-5.020834741124542699e-02,-1.964817353962917956e-02,-9.340121486159556896e-02,3.322087285836947818e-02,-1.080539236091276056e-01
1.814543493766705706e-01,-1.006041951643295573e-01,9.180653064781675587e-02,-5.145807946348032041e-02,-2.918921869982748704e-02,6.508067765884136685e-03,6.012367046461077058e-02,-1.317300779400734090e-01
1.919396422803413826e-01,7.956008292822608699e-03,7.655682288901215216e-02,-5.420226971716567838e-02,-1.041287325520300205e-01,1.154607051369053866e-01,-3.000031554130228734e-02,-3.615893993603918471e-02
1.183134516571329869e-01,-2.576835089744558896e-02,7.499541535262543857e-02,1.190113291667548590e-01,7.479228339475769982e-02,-8.530673929937276911e-02,1.478786533589170060e-01,4.764502966690752073e-02
1.650682959549787387e-01,2.375107935446578722e-01,5.880912916342726643e-02,-1.368071367532556482e-01,9.855261373468772457e-02,1.034665481389586937e-02,-8.826385591601866587e-02,7.871209582644002334e-02
-1.390706635340703025e-02,1.175381410134914567e-02,-5.242371144398624838e-02,-1.242295459943384001e-01,6.076343811772614428e-02,-1.038280965286913493e-01,3.099175590817997410e-03,2.157462955510430075e-02
-6.162476254490377447e-02,-1.465315009863983435e-02,4.036790705756933967e-02,3.411782887549646287e-02,-7.833834824388529253e-03,-2.074481507823894288e-02,5.805988288575481687e-02,1.092861285459301168e-01
-1.711224020256740530e-01,5.245382240184997408e-02,1.340206338794420471e-01,8.810629512256046292e-02,-4.654260072855824493e-02,2.179062915027596969e-01,-2.500030592614304048e-01,5.302963967786662736e-02
-3.410757054028734636e-02,4.116518450895963882e-02,-1.474309975397614936e-01,-1.340964388490546375e-02,9.465516634166429299e-02,1.581263199071753639e-02,-7.621520073030001174e-02,1.148365632493907919e-02
-2.132600967892672034e-02,4.973166508609473679e-02,-4.226662028667250298e-02,1.243673854582991734e-01,2.906579112473521576e-02,1.424016403279719789e-01,1.273398365644726471e-01,-6.478270793174534248e-02
1.195985326908984847e-01,-1.456725982986301071e-01,-1.154267618620439390e-02,1.271488668274687595e-01,-5.904320486080676111e-02,7.787276843859948505e-02,-1.959905782264227854e-03,-1.157749397274883268e-01
1.140791876234183988e-01,3.176465124600203610e-02,2.059535323958979359e-03,-4.215493238387804653e-02,-1.427527263415346095e-02,2.535676018610772964e-01,3.772060236705167963e-02,1.166012136137992428e-01
-6.481472053056373805e-02,7.877376098259028514e-02,3.390433799802706344e-02,-5.173710254491085091e-04,8.792094764875975355e-03,1.891603557712437378e-01,1.619772487654322912e-01,-1.538967979250395988e-02
-2.420542978257319011e-01,4.225276543158920650e-02,-7.919258515940177934e-02,-5.308410770051288918e-02,3.263898281998905970e-02,-1.600427347203250139e-01,7.620718347093316525e-02,3.826504166107386889e-02
7.651400156769117000e-02,5.337909496164042200e-02,-2.415753099461685205e-01,-1.301785399521108999e-02,1.286311393447984175e-01,-1.556716334250392471e-02,-2.103174738570802796e-02,-2.919982869978032108e-02
-8.621730084621380408e-03,6.742924408598613417e-02,4.158394216169906260e-02,-3.968860914290254366e-02,1.461939737032430346e-02,8.078125324632476345e-02,-4.732773109237571607e-02,-2.353053398167568033e-01
8.754557483377956029e-02,-1.882768981184643198e-01,-2.286261724679193238e-02,-8.137562578604089214e-02,-4.627639813380737127e-02,1.429835463693660269e-01,-5.486678362667851694e-02,-5.912927620642314565e-03
-6.490862284205307919e-02,-1.741683722419465619e-01,-7.301448556633226283e-02,8.805091165953045362e-02,1.313810472542191743e-01,-6.284142799783055955e-02,1.699838779868647343e-01,-1.699916465372486862e-01
1.807007051131470643e-01,-1.456470068861247524e-01,-1.969148103482115386e-01,-5.434844635989163897e-02,-1.564869166827068114e-01,-2.158789902337421296e-02,1.028370738118763311e-01,1.043516116901409690e-01
1.710980029752617593e-01,1.155726992843790907e-01,-3.309717646429127108e-02,9.763363609727147840e-02,8.352527598396786157e-02,-3.331325460727826288e-02,1.500971678006524923e-01,2.315512743486858593e-01
1.101950456079042878e-01,-1.549366222460044629e-01,-1.354550792940992059e-02,6.044827521811580590e-02,4.823588045931191323e-03,-1.524469587133214510e-01,-7.178115243057267558e-02,-9.811932164031562931e-02
-7.964765784939518978e-02,-4.577780367976793524e-02,1.650887389862976508e-03,-8.948297703048795071e-02,2.753531338364478831e-02,4.685463936117043732e-02,-3.555361172887822746e-02,-7.080017808414640346e-02
-8.118676852435117997e-02,-5.465018875254910868e-02,-7.860005952719580080e-03,5.831063385117278564e-02,2.004414604446928261e-01,-5.946670269705389700e-02,4.660382386965134655e-02,-4.200667998674011833e-02
-3.755913797476245763e-02,1.153689319584198375e-01,2.468815381927185471e-01,-6.151718182036211569e-02,2.412601929798086631e-01,9.337951850837390710e-02,-1.026153171948236409e-01,-3.193316190968693846e-02
-1.491756583800698810e-01,-5.144129729818959496e-02,-1.057425310107262401e-01,-5.188718407943949951e-02,-1.258428533611984784e-02,-5.175191383539508305e-02,4.695515520936786175e-02,-3.905642162286431223e-03
5.346954479404484456e-02,8.204556737101750818e-02,-1.343049798828922781e-01,-5.068039196992620704e-02,6.004155690517128802e-02,-1.487563919411380720e-01,1.761892323960908557e-01,-1.206837877404639409e-02
-2.277636556735929477e-02,1.277581321235133072e-01,-3.609608060856604045e-02,7.309952058328643421e-02,-1.384039486155666174e-02,-2.226634757938578679e-01,6.667559268446904275e-02,7.998779473021079556e-02
-5.240480818306801625e-02,-1.197290649639943527e-01,-2.624650256408602930e-02,7.608665838696172801e-02,6.376145897361849835e-02,3.531876111476938557e-02,-2.296267798241342917e-01,2.288790434565003973e-01
-5.273620678984765331e-02,3.802127018905911149e-02,5.074367229054819323e-02,2.611972356469051751e-02,-2.325814573521341466e-01,-7.368476096490475524e-02,1.325991926160611789e-01,-5.910860739747272191e-02
1.494572591713102527e-01,-7.206314234753188885e-02,5.506439867876480876e-02,-2.584153019918790650e-01,1.388084209254956958e-01,1.471962686431182166e-01,-9.117920686326390356e-02,-1.548951047779452972e-01
1.966391040236068269e-02,-2.520990067251574138e-02,-4.857369068894524383e-02,1.695832543850142315e-01,4.077970605821274602e-02,4.632144606161409800e-02,1.082926208387850198e-01,4.320366573476781130e-02
2.928906914638761821e-02,-3.857137208753148860e-02,-1.110190668703741057e-01,-1.150125477662858678e-02,-6.813549199826886282e-03,-8.612898109323757767e-02,9.780660863254626858e-02,-2.112047461503319123e-01
7.582338022011478329e-02,6.881323189616048511e-03,1.842078245866848396e-03,9.149451381094020341e-02,-7.236701580357864094e-02,5.979052760338803701e-02,1.728828097371742367e-01,2.658789508388434419e-02
-8.462641106222351661e-02,5.346666309476662271e-02,4.155711422747853517e-02,-5.091414673020051157e-02,2.334651450096493150e-02,5.278782522580952735e-02,-1.553091045210354959e-01,-7.735553087717822462e-02
4.965806998057574473e-02,-2.886484548490866539e-02,-2.444763665377794604e-01,1.484923708635630946e-01,-3.695137983939173615e-02,-2.112139060656431089e-01,4.423071788348592603e-02,-6.605032384191698858e-02
8.152905945501789930e-02,-5.465987093083497783e-02,1.691282750178763061e-02,1.487267504528217710e-01,6.404895273068730854e-02,1.700522149498049501e-02,-6.610092575004514193e-02,-1.598849229236250780e-01
2.661033505249940298e-02,1.667632546622566103e-01,1.445000467875909578e-01,-2.878812812804106003e-02,3.706243514675495315e-02,-5.196586554097255839e-02,-6.335178925382677073e-02,-1.238459704947352386e-01
1.575933002156302831e-01,1.466770041296314164e-01,-2.426842725718793628e-02,1.375219913385843096e-01,-8.065446404672406422e-02,5.330708338744928609e-02,9.524407172943138988e-02,1.234316803174499988e-01
-2.527624043115074270e-01,2.301792374830424412e-02,7.143386405239550430e-02,3.261535226295040474e-02,3.587042472845409363e-02,-6.448630362376836511e-02,-3.170340189378192952e-02,5.597508990135610651e-02
-1.871467572757241626e-01,-4.852521773709390918e-02,-6.580587294139128574e-02,-1.124737145005804684e-01,-3.080573054758076190e-02,8.693295243337642586e-02,4.101962662325432142e-04,-8.690103083392977656e-03
-1.067901137110482401e-01,1.383169555744761248e-01,-2.223840255250838227e-01,2.730783449978230540e-02,-1.530380514963278551e-02,-5.702392896090018731e-02,-1.090903955291873673e-01,1.204569831148513681e-02
6.214620687402545862e-02,-3.855085310424941070e-02,-1.822256002545200593e-01,5.946902900908122847e-02,-1.231907649398075594e-01,1.134035999441990010e-02,-2.511760020414950320e-02,5.568446343449278552e-02
2.246866480490244608e-02,2.615450343823562743e-02,1.439094601078678426e-01,1.883248215285360239e-02,1.937047717460374796e-01,-1.002629149295543864e-01,-1.081056427864536124e-01,7.492847724363019268e-02
1.031058856990826056e-01,1.744765226592858154e-01,3.658089157834593097e-02,2.363560117853661519e-03,9.311835525146447412e-02,-9.932126653240100356e-03,1.318196959558605719e-01,-3.971542386951675691e-02
8.732327446533842468e-04,-5.775229110473272670e-03,1.662218159034409004e-01,2.789737276670198676e-02,1.221441964528686142e-01,-6.780306021518629767e-02,8.560683241149467937e-02,-8.041101831145504308e-02
3.528550859365636033e-02,-5.951142477709667894e-02,-1.165200049920253056e-01,-7.236500286607856769e-02,4.543899224473002540e-02,1.298244895975466662e-01,2.630818043052516892e-03,6.285179957076202084e-02
-7.477203954169485411e-02,-8.412339725726133283e-03,-1.128359832711090388e-01,6.923327429984522767e-03,-1.954645218255962949e-02,-1.666745763291982152e-01,-2.415897762505883339e-01,-8.365697968337870716e-02
5.115772588956783024e-02,-6.047337106840509208e-02,4.188648963603959496e-02,5.127869276259686138e-02,6.694726038569705218e-02,9.730822347495786395e-02,-6.798858700052065607e-02,1.432695548042239864e-01
1.147823359707982882e-01,-2.557643011556291063e-02,1.072519617016159665e-01,-1.317517820670412454e-01,9.217937745792999238e-02,8.689756601562913241e-02,-2.425595122308794871e-02,4.365476748532960694e-02
3.690902552030804126e-03,-4.197620065407888651e-02,6.259929525196268607e-02,1.049739277126242737e-01,2.128792555082839946e-02,4.948554766240363667e-02,-1.691262988591003269e-01,8.412079021018675773e-02
3.190194616953457435e-02,-3.361844186976999799e-02,-2.821079434737984171e-01,5.673915741039598643e-02,-7.015593232403177781e-02,5.036270886884282316e-02,1.114462991008549619e-01,-9.572481729401734196e-02
-4.125514171677630709e-02,4.555637161023309845e-02,-1.955086873307706336e-02,-6.943531030252515779e-02,5.020301878092226638e-02,5.895276064867105426e-02,-8.751367200780844902e-02,4.376862773916585098e-02
-6.659415428822088034e-02,1.105975497964777482e-01,5.314701336694704903e-02,-1.203278281487157875e-01,1.566037246090190849e-01,-1.819114099300868023e-02,7.649059371322668166e-02,-1.734481572625737322e-01
-1.449781760524241139e-02,-3.261820010201010867e-02,-1.190806979646429932e-02,4.246998614925577564e-02,2.008248488459235537e-01,-2.185528558836464727e-02,-7.162630674329575897e-02,-9.823364896120291567e-02
1.612477066597588493e-01,1.582967018020946803e-01,-2.299644024565369038e-01,-1.465374800381211429e-01,1.704177225473629126e-02,-3.624567734366760524e-02,2.218513998894019179e-01,9.847573191184579022e-02
3.065019018730868461e-01,6.324329362736266780e-02,4.222438010651376888e-02,-1.499532077634502525e-01,-1.144073534875989506e-01,-2.080386322280960709e-01,-1.148979582333019799e-02,1.778883417282571197e-02
-3.617241031894771752e-02,-3.252879957622926890e-03,-3.052658346389785712e-02,2.798907767648476860e-02,4.363129446898156988e-02,4.193915585395250473e-02,9.277465120379416869e-03,-9.255388924708629617e-02
-1.852933058692666224e-01,1.247137655285456559e-01,2.052918269336291290e-01,-2.692396122071245498e-02,-3.268547683601910614e-02,1.304700740764513645e-01,1.295545733524388066e-01,-1.186763716528379392e-01
3.015194748386712184e-02,6.286527033180933088e-02,-3.261092455664817841e-02,-7.604094125930749293e-02,-5.382484120109116282e-02,8.442794052608562638e-02,9.099526345267977545e-02,1.109713487020077272e-01
-1.501511642264542479e-01,-8.743107349822634711e-02,1.069522867622759582e-01,1.476914906217677292e-02,9.360152847253275232e-02,-2.364495295500863570e-01,-2.349689226781018214e-01,-9.901942422453170745e-02
-1.108758340307264972e-02,-1.177402300016624007e-02,-8.819134758127174234e-02,8.736513890760262691e-02,-5.525061634992107368e-02,-1.667071924217368994e-01,1.348726591079664749e-01,-1.508581299066585057e-01
1.141297318132733669e-02,8.199418538759847830e-02,4.073669252468882507e-02,1.102710026145423960e-01,-4.310742985973000513e-02,1.218460316176211006e-01,5.891743415188450961e-02,2.835363679638285787e-03
2.742861122845778321e-01,3.137738509708834500e-02,1.546598219904536317e-02,-4.059749783258598949e-02,1.832387425285805782e-01,-7.690790677324173263e-02,3.406677164877161545e-02,2.529854440927344350e-01
7.366096506649681686e-02,-1.247424408965151360e-01,1.915729414517482743e-01,-6.709932674894533711e-02,-7.207318552513850007e-02,1.308917058487296114e-01,1.517084941429324707e-01,-9.665428344039215733e-03
1.899718031003772845e-01,-4.003520710556566359e-02,9.208126552521135599e-02,-1.475122519053945896e-02,2.102430758656488041e-01,2.008411106978013477e-02,-4.091816664486884469e-02,-4.156033917451979615e-02
8.841963486630351199e-02,3.861498827207374834e-02,-1.040038651579276441e-01,-3.172012984795340856e-02,-7.489461959877161470e-03,-1.153344122266051694e-02,-1.575033255401616372e-01,1.216151517532478854e-01
-2.634575935737896654e-02,-3.507662944465719107e-02,-2.393112529570720626e-02,-1.116323908955329375e-02,7.786383810782560033e-02,-1.174194407608874363e-02,-7.624118249664335600e-02,-1.150932861597575158e-01
-4.640168857407508778e-03,4.007288805798623482e-02,7.914407016626649749e-02,5.490886419899205367e-02,1.790418891633143161e-01,1.817996488778010275e-02,2.272957386074110284e-02,3.563170025098496424e-02
-1.500803633672986581e-01,1.612072155957528508e-01,-1.140389702765341740e-01,1.555677209787031945e-01,1.445806484529208180e-01,-6.440846802277416794e-02,1.300881374181541705e-01,1.642283100067508939e-01
2.831843142244461209e-01,-5.283112189528865049e-02,-7.612394328142975397e-02,2.382500417898102824e-02,-8.346764510055119934e-02,1.442075825353356933e-01,1.327804631665243928e-01,-1.235447738533278772e-01
-8.412142029439735602e-02,2.696318645101772327e-01,-1.512832582542919004e-02,2.379091310938036968e-02,-1.453751543531818860e-02,-8.458682584772096724e-02,-3.629826377948045663e-02,-9.447094900852981425e-02
-1.931196958514942164e-01,6.030935979714063810e-02,-4.537220938675320947e-02,4.674640383269277472e-02,-9.230958930303755083e-02,-2.782794390655451977e-02,6.584737273291249582e-02,1.307803678677214865e-01
-3.731062310555256084e-02,1.500987861338069218e-01,-4.662645988882081760e-02,1.488978395744904315e-01,-3.666410272580880592e-02,9.178733296286621657e-02,-9.218820006466518779e-02,-1.610723757419296395e-02
8.877446893050669474e-02,2.688242286300516690e-02,1.253367537243609831e-01,-2.355445472016258132e-02,1.704447357007130848e-01,-5.107641758317180147e-02,-1.967137777329474591e-01,9.615145619087266116e-02
8.241120054452098775e-02,1.085588717322396035e-01,4.461476225918173388e-02,2.075681500365546550e-01,-3.326586114726153010e-02,3.646506665710209233e-02,-9.066554340983873361e-02,3.262502396185092135e-02
-1.973831940835161780e-01,1.453070314480284231e-01,3.712624307766466698e-03,-2.431659343082674396e-01,-1.886413221364213744e-01,-1.507840943868618833e-01,1.095557562241579741e-01,-1.271680375470018720e-01
-1.672233271867438198e-01,-8.309786135980394561e-02,-6.768957567003629217e-02,-6.483998488125332360e-02,-7.908911240876852211e-02,-1.543942642653748365e-01,-8.226982607699787065e-03,1.905629398578439215e-01
5.322951973640967574e-04,6.197694344859691618e-02,2.414247904202907954e-02,8.010643648201934419e-02,4.530540497854948501e-02,2.068108345878743454e-02,1.506265901144708194e-02,1.197589234286949439e-01
-5.951913891274081270e-02,-2.515247148879475314e-01,-1.004072953606476581e-01,-2.344169121335490033e-02,-1.441241689629425837e-01,5.105777570157726819e-02,1.237821627863078533e-01,-1.691732030824577016e-01
-1.038258058659264904e-01,-3.706811113752397913e-02,-2.430825291765427998e-01,8.388484511499471556e-04,-6.997083225955260007e-03,-8.108014826289209123e-03,5.314887964436426637e-02,1.440442924857494034e-01
-3.759823573051361556e-02,-3.172578406985550846e-03,-1.668072155642996157e-01,3.680851351341241778e-02,-9.466116902792576226e-02,2.547053416514252072e-02,6.216591543967370237e-02,-6.175365787313350646e-02
9.880976660118453991e-02,-9.091746767372377303e-02,9.440942163154199263e-03,7.767359068220369700e-02,-9.796029900944872026e-02,1.156601899196962463e-01,-4.191439633334671962e-03,1.223289099206507635e-01
-3.322191501369972655e-02,3.174058335373231704e-02,1.913737803999215198e-02,-6.765667914590312026e-02,-9.831855424674065813e-02,-7.703906471238436415e-02,2.092473209067910178e-01,-3.936123992561901819e-02
-8.158993653468835094e-02,-5.940027718986330696e-02,-1.073951610388180211e-01,-1.866292309984765307e-01,1.524202106870157780e-01,1.756548393225833005e-01,7.958403285020276829e-02,-2.343618640218562282e-02
-6.137563952803551381e-02,9.493311489438362172e-02,-2.029971133481671408e-02,1.430388022996412767e-01,5.852865515893190818e-02,2.780011041452766160e-02,9.264082758101024884e-02,8.392892316808844844e-02
2.719708285904290715e-02,-5.980603541584963989e-02,-9.225563200306202694e-02,1.103361916896642286e-01,-1.319865487894893996e-01,1.193460332178557931e-01,-1.966146504985094752e-03,8.019061933535902298e-02
-6.073940945836329985e-02,2.845442776330778245e-02,-1.171228810874512249e-01,-1.486579169705779802e-01,5.429500470676707977e-03,-1.228615016547724981e-01,1.522307478101175560e-01,7.731639256382384640e-02
-8.974886438218988849e-02,6.693762727281893365e-02,5.521828239616636408e-02,4.666339254366472927e-02,9.024064173381697584e-02,-1.744168290513141428e-02,-1.355937851091247037e-01,3.811432569509278639e-02
1.314904997580912949e-01,2.546225451058480981e-03,1.244572647340400247e-02,-3.272194612104573075e-02,8.497113586482230030e-02,-1.694685374191569616e-01,2.949596562113972632e-03,-2.426273212538035060e-02
9.530986251048487526e-03,-3.724224286731991213e-02,-3.095751933450742108e-02,-1.837054235298085092e-01,-6.040091367936741007e-02,-3.218762415560907225e-02,-1.614040879813110826e-02,1.445083311829514772e-01
6.561358135527028956e-02,1.234822027510852488e-01,3.706911717596307609e-02,8.820680385643597798e-02,1.438636837441204241e-01,1.321323090846503699e-02,2.144703169160749531e-02,-2.006128941072924873e-02
2.291747299859518694e-02,1.447882943434483094e-01,-9.840121370852365768e-02,1.494991689133455814e-01,1.823198167366718858e-01,6.021711800379422191e-02,2.999897112608113439e-02,1.239733949932371182e-01
5.445684519009512392e-02,1.505138206243523957e-01,1.027902482136120767e-02,-1.800105358315892412e-01,-1.444520829444834870e-02,-1.113359618303394341e-03,-2.515891479314844720e-02,1.544731604596173702e-01
1.782563472288459239e-02,1.531727382909343071e-01,4.950499848849664736e-02,-8.748595111436251182e-02,-8.424988383380298262e-02,1.720988998005004156e-01,-1.620501596525375787e-01,-5.958656036793652869e-03
-2.696107833273224050e-02,-2.271487799984514278e-01,7.372441791912005826e-02,-9.998366030058974951e-02,-1.103779943050955392e-01,4.865501142931534517e-02,4.393217771530497778e-02,-3.280672602535112184e-03
1.457598817433016988e-02,8.353909137783127603e-02,-1.899390516848946733e-02,-2.032036799632186419e-02,2.388990195435531858e-02,8.287145199147688546e-02,4.953245687315336460e-02,-7.068564153908155068e-02
