6.862928999964125476e-02,-9.776612018866334686e-02,-4.828782190539310237e-02,7.983334091479549199e-02,8.938916234370621050e-02,-2.464651938954967036e-01,1.362863196083197170e-01,4.906676939761542289e-02
-2.892977220841767838e-02,1.733131825267343329e-01,5.314019763144615938e-02,-1.395970050264024598e-01,1.019953650786861732e-02,-2.504149293115817687e-01,-1.421875430855117639e-01,1.743963379080856468e-01
-3.390554248077085053e-01,-3.433888678199417677e-02,7.079703575590352849e-02,-5.796739996503028070e-03,-3.102350415307481707e-02,1.204327534297194857e-01,-1.117796670237392875e-01,-1.308036936571365383e-01
2.389281162246085360e-02,-1.027767324293269863e-01,2.942694034348931065e-01,1.340498889988644138e-01,-9.984475390375960324e-02,-1.473661246333918540e-01,-2.610035814426386325e-01,-5.717543283025081080e-03
-2.681691537620276566e-01,1.192237257086407043e-01,1.304329435710722268e-02,-9.678631074867863338e-02,9.266278635290772780e-02,5.945121451636033866e-02,8.171105562288318025e-02,1.002384159538446257e-01
-8.260460876623053339e-02,3.484444497679571318e-01,1.188312096955048552e-02,9.898831751397943468e-02,-9.611837319441360328e-02,-2.089834161573255189e-01,4.350101670868913306e-01,-1.949648936689398204e-01
-5.701018296697014931e-02,-1.267603672017755811e-01,-2.029486174306918966e-01,-1.378352815668284492e-01,6.822484749999215004e-02,2.086156635252266467e-01,-4.641300697133488723e-02,-6.488597498720636431e-03
2.578009942220415435e-02,9.411962994651067171e-02,-1.181920982299959899e-01,-1.391205741315542921e-01,-9.233651454508469414e-02,2.136544764438992605e-01,-3.074406065700929780e-02,3.997834369951028255e-02
-5.838645775816801720e-02,2.324015992654864665e-02,-2.600991646042393746e-01,4.171285444991303104e-02,-1.461475801892569704e-01,-1.973953024189319672e-01,-2.302623126089040628e-01,2.968734001512685072e-02
-2.604996613990926552e-02,1.325274501769826141e-01,-5.407574838948267515e-02,4.655685577279665421e-02,1.801940528777897232e-01,-3.272957920590633396e-01,1.676030592693105170e-01,1.305386642120810181e-01
2.030591134479356186e-01,2.273977176552829244e-02,4.469939042156943071e-02,5.488474314550392114e-02,1.094846522613545509e-01,2.518523288495722046e-03,-6.180116303999983601e-02,1.058184049588183212e-01
-4.009099109848667242e-01,-1.052601999028804219e-01,-1.717976782440960512e-02,-1.503785496990915627e-01,1.887976813266314946e-01,1.452014957473954093e-01,2.696042706429609415e-01,2.093874713217143413e-02
-9.821194599130383951e-02,9.585018196422115389e-02,9.466858620958101822e-02,-2.937662030705074367e-01,-1.771258909502702039e-01,-1.484126298885711237e-01,1.268277139305273860e-03,-8.661681182533580159e-02
3.365459445066439070e-02,-5.249612517597063155e-02,-8.240180365856086819e-02,1.995708208771349856e-01,-1.562403693493752410e-02,9.253574736086719876e-02,1.027230140771109579e-01,-1.777886974664972530e-01
-1.306335727113910883e-01,8.207256354434702694e-02,-7.885037678583524390e-02,-5.181774751019530001e-02,2.185219257907464185e-01,9.056424245591242206e-03,-2.957812561269362317e-01,6.227556900677526375e-02
2.309412301150755575e-01,3.511632003688599513e-01,4.096879908852355673e-02,-1.899066667754155391e-01,2.443247480338213429e-01,-1.712559428303163378e-01,5.202886885885038559e-02,-1.044901080260199344e-01
2.744628238948805532e-02,1.086422304838765146e-01,-3.743565378645768993e-02,7.638969413798145369e-02,-3.458211074915639172e-01,-1.564273973962416742e-01,-5.032274896012725596e-02,-6.407335837689756564e-02
2.672825402708128156e-02,1.825796946489434761e-02,2.293135638050217140e-01,1.485494715266020560e-01,5.030172319813360771e-01,1.061500795841802125e-01,-8.731556708641129150e-02,-3.131200916547743351e-01
-3.259725224690947221e-02,-2.570990555565820790e-01,-1.935580089456468422e-01,1.872851315678240036e-01,-1.010085923502931082e-01,1.474846634042168425e-01,-2.463250242217688291e-01,2.008687633205590295e-01
-2.234626834400929851e-01,1.124297989272083631e-01,1.471032241707195265e-01,1.214806490204321798e-02,-1.253467334878192729e-01,-3.260115485882089659e-02,6.305729380002143836e-02,-7.433815027044532453e-02
2.108061785805355193e-01,8.225865714390274974e-03,-2.120367293922071905e-01,1.137075695395330446e-02,1.838452172888254688e-01,-5.736115460567104557e-02,-2.689367886381656692e-01,1.644105598612091712e-01
1.061380255277978579e-01,-6.296476694995821466e-02,-7.956994237732799291e-02,-4.492667376079689801e-02,4.411049885232744272e-02,-1.072678597929292293e-01,-3.051462913043576086e-02,-1.403068455739670817e-01
-1.570798431523539318e-01,1.101026625055923913e-01,-1.793108727159686833e-01,1.806302557203099540e-02,2.902403025055521613e-01,-1.085001225166517952e-01,-5.525232653811838757e-02,-1.036819234041228693e-01
-1.513479618526856196e-01,2.466134280476858232e-01,6.446298362715387198e-02,2.248804292336125943e-01,1.850326741665431762e-01,-8.062767821246039079e-02,9.195159717745655936e-02,3.074070778727725634e-02
-3.077042909852848590e-02,2.395994823463374473e-02,1.677118006569469355e-01,9.895194236414855959e-02,-1.279759560433922361e-01,-3.288707121154659241e-01,1.516129667161537076e-01,8.028936513248528806e-02
-6.871490069828768699e-02,3.847665330595874400e-02,1.803038011887038439e-01,-1.162076736707357560e-01,-3.355530263803252478e-03,-7.237811330662703713e-02,-3.266660936157608774e-02,-1.766447568877937274e-02
-2.311307680443288881e-01,-3.119754689463388742e-01,7.671046166637086883e-03,2.858165857865618137e-02,-1.781773409416281123e-02,-1.861357207373811468e-02,-1.199149064468579551e-01,2.389852442037847247e-01
9.542854700680619695e-02,-2.918915667730338781e-02,-1.746699411273033853e-02,9.227677298696598807e-03,1.710879279688658772e-01,1.943582463195103749e-01,1.794976043822510137e-01,9.159493324904004197e-03
-1.715582050702138817e-01,6.283117826145002971e-02,-2.494378841199580976e-01,1.140050896999314500e-01,1.064085211917620635e-02,1.650651379600407698e-01,1.941466951483686032e-01,-1.199082720780918210e-01
-2.195129832212756871e-01,-4.746867099349463132e-02,-1.870339991246033340e-01,1.000771220550552287e-01,9.168000495753973397e-04,2.284583129198767826e-01,-1.424045644325142579e-01,4.034299110023532864e-02
-1.144332327072554167e-01,-3.304815529618453096e-02,6.654877561495113614e-02,-4.863756791216802822e-02,1.082545675588221096e-01,8.075926996234192301e-02,1.310090170404303866e-01,-7.320444436271944522e-03
2.796464653462569783e-01,1.773768215722549002e-01,1.660347566755542847e-01,3.091185625010929305e-01,-6.389469404088757298e-02,-1.685949201243761367e-02,-3.708940912526434430e-02,-1.463166648198929165e-01
9.545360809083619502e-02,1.122724757053576855e-01,-2.690148173037254509e-02,9.736260828111864551e-02,3.016222437011070179e-01,1.764779197368767094e-01,-3.292437964614724488e-01,-1.034817156099003405e-01
1.052469158056200116e-01,-1.323246724460680757e-01,2.170434582978556515e-01,-9.250371754373916400e-02,1.332160906063452888e-01,-9.367893700093812837e-02,5.166854559033461081e-02,1.384224779379425452e-01
3.306744395172607487e-02,-2.551872550912940435e-03,-2.309540757665330957e-01,-3.213610683508075216e-03,-1.698279994822740890e-01,8.458754821390716827e-02,3.841838999171325042e-02,-1.244587982791291875e-02
1.878906784930021168e-01,-9.665621273462930360e-04,9.172954447931317562e-03,1.746255975997398069e-01,-8.814351924200444777e-02,-1.642804294393271913e-01,-1.929889802867841286e-01,3.947244095372368089e-01
2.574773052981360055e-01,-5.990242969747244101e-03,-4.029279501060187285e-02,1.386140469601732095e-01,9.606263562652374299e-02,-2.146044200739125746e-02,-1.998831435349119889e-01,6.598367909995749014e-02
2.820127568802046070e-01,1.837654060350936425e-02,-1.877022801323919854e-01,7.227257976807097140e-02,-7.249390673088285109e-02,1.521514876601839095e-01,8.143101355233016425e-02,-4.451380041748078109e-01
2.987990818631783285e-01,-7.805115508414410541e-02,-3.467166716138091187e-02,-1.813630530858261619e-02,-9.899104845263293970e-03,2.135552197776663386e-01,-1.390369933980744321e-01,-1.917650604134713832e-01
1.420311978002474773e-01,-1.690055146424577770e-01,-3.600638479814144421e-02,1.385037480726543369e-01,-2.687739350521619608e-01,4.757482686955561563e-02,2.463288144502440713e-01,4.248792981663821466e-01
-1.378519068251551349e-01,2.355928764243578055e-01,2.596260415954899092e-01,1.153738237837434455e-01,-3.575299246074694626e-01,-3.904031636565458152e-01,2.185619868144083044e-01,-1.034355015043850329e-01
-7.133916276451329752e-02,-2.047665377029927736e-01,3.824589588375247318e-01,3.860810717068098585e-02,2.061314851928068015e-01,-1.305593745891498181e-01,2.105535758719138673e-01,-2.154402210512592064e-01
-1.167981516854276203e-01,9.696468639555345936e-02,1.014129155503618041e-02,9.851762794498708509e-02,-2.176784580392454871e-01,-3.439793767420715881e-02,-2.266120680048054892e-01,1.066075440531224355e-01
1.274393635399278905e-02,2.933789895073278531e-02,5.495976717912356285e-02,-7.311513490602616905e-02,6.454681541062559647e-02,-4.711167447077253823e-02,3.690076977614822340e-01,2.645324130025312748e-01
1.670808762392788638e-01,2.258088540442166059e-01,3.300163475653253853e-01,-1.310193692323046999e-01,2.519997043029806316e-02,-1.316934532398463531e-01,-1.566195608422144281e-01,-2.133917124403118537e-01
9.131305390641716868e-02,6.901743891719622215e-02,8.942572417950270941e-03,-1.184124208879564349e-01,-1.016265326047529755e-01,-9.289129951541183483e-02,3.671289898320764800e-01,9.774325701323423321e-02
5.817304547787068708e-02,-1.434845379426579193e-01,-6.305397315007396641e-02,3.167010241968325895e-02,1.459323992671853476e-01,-1.398468517898562580e-01,-5.239482164749568321e-02,3.415273076863018509e-01
-7.131514333932460065e-03,-8.370781710836152842e-03,4.757780811253606301e-02,4.185170847481460565e-02,-2.214967721891226982e-02,2.543804312576875559e-01,5.639253296595489462e-02,1.332568155817119571e-02
1.267383495259875037e-01,1.674449445390751440e-02,-9.376814735381422405e-02,1.283385776425271796e-01,1.573701751587484876e-01,-1.267770991864282104e-01,-6.027865187485366427e-02,2.580868371876461620e-02
-3.448243814059781531e-02,1.150655783788157582e-01,-1.915635453960154444e-02,1.380228058004150382e-01,-4.322530480429079280e-02,3.644619308532569268e-02,-1.142235290510973111e-01,-9.241151698030423967e-02
-1.029538409682108635e-01,-1.273891303467096225e-01,-2.127895366653815568e-01,1.224357839639313716e-01,-1.791062617427660597e-02,2.806656727365588466e-01,1.131329613985096044e-01,-3.644511887326529198e-01
-8.003975296163368114e-02,-4.079751164457472157e-02,-8.036927026073478753e-02,-1.321381207228151944e-01,2.221597653650707327e-02,2.330972809118311284e-01,3.738298800454768755e-02,-1.905080588782437356e-01
-4.177193784248666580e-02,-2.037902934763025642e-01,3.701010327165925595e-01,8.799695327142725843e-02,-1.984222875921979046e-01,1.657272320194771720e-01,5.786002811068502449e-03,-7.198120797331461485e-02
-1.178280639046603018e-01,1.613876002041228497e-02,-1.463853897512386870e-01,-1.087512470809614135e-01,-1.338031016343226021e-02,-4.924055084701817186e-02,8.554331994231630099e-02,1.022041764347123849e-01
-1.116528703492938035e-01,1.031884183231890212e-01,-1.865772427036495040e-01,-2.347653697948055285e-01,9.676622256504333053e-02,3.701781266958468208e-01,-8.521158836851788765e-02,-1.334226803200562472e-02
1.143085230794282925e-01,-1.255560081881173205e-02,-1.572726144787748581e-01,5.280824888470821155e-03,-7.633128970975124050e-02,2.551982194233332613e-01,1.300321920080118598e-01,-1.313430474129640979e-01
7.720938224556193885e-02,-5.608380085239104279e-02,3.326150600121650230e-02,-2.032074962467470547e-01,4.995706066757484715e-02,-2.095301758834917649e-01,-1.734984290554697495e-02,-7.862703744551380325e-02
2.640359351760600617e-02,2.111563811066409502e-02,-1.182121143691526599e-02,1.868456890911046886e-01,2.047187460441425022e-01,-6.751704997873686498e-02,1.561555265592224351e-01,-7.814827992893529085e-02
6.372551002748069737e-02,-4.392754902265631062e-02,3.268054683179478781e-01,6.224725013000953489e-02,8.592763289457629183e-02,-8.532190696882893666e-02,-1.463735910687072317e-01,1.448134078518847623e-01
1.363730126280015276e-01,3.084906234597000751e-01,8.529740931486338995e-02,-1.528567202673548620e-01,-3.127090777350298723e-01,1.059764099979069590e-01,-2.997687751662398425e-01,3.351016150636200175e-01
-1.152283731301394359e-01,2.874178968447466120e-02,-3.513721479572424339e-03,-1.282581610636621683e-01,-3.642005349648181345e-01,8.416724071024320186e-02,-6.889953443218067852e-02,1.283503100527484397e-01
6.184834301962863906e-02,1.303213867114179358e-01,3.704354352351926782e-01,-1.577762595189455552e-01,-5.695753458055042434e-02,-1.619031894894853718e-01,8.907133026674478316e-02,-9.303227900740251854e-02
1.671682521100182062e-01,5.143218496733705652e-02,2.123248297746234137e-01,-3.406788411221569474e-02,1.822187884973220512e-02,-2.753496505333563049e-01,3.977873049162850561e-01,1.632480218286775364e-01
6.425118186875862503e-03,-1.136883754737007535e-01,-2.835254806286460760e-02,1.908430730297552003e-01,-1.352039058566508190e-01,-2.169084941828349211e-01,1.155245455422248962e-01,-1.529483802970878215e-02
2.011447195787190445e-01,-2.504234222944660693e-01,6.550395018448854079e-02,1.448987796898473616e-02,2.076588472536025631e-01,3.358531889545945948e-02,-1.005383147657881310e-01,-9.625209715842948655e-02
6.885102647428285871e-02,-2.923147984629863583e-01,1.772178541315936884e-01,-1.688107347252637558e-03,2.160555914425603963e-01,-1.775105798594185380e-01,1.989191237444769278e-01,-3.671753573850419228e-01
-1.482346275366238086e-01,-1.434403310983417279e-01,-1.032671647626733497e-01,5.179008108966633162e-02,5.830662890192287590e-02,-6.317572514751350343e-02,1.206257313603179282e-01,1.683408502249907901e-01
-1.555771533659462413e-01,-9.078477667630430181e-02,1.275019924920338110e-01,1.067379402534854582e-01,3.959909987509526719e-01,-6.703734337507655239e-02,-4.928102988485971725e-02,-6.624698457440002242e-02
-2.392120947876494874e-01,1.317189810301369612e-01,-1.435861206406003066e-01,-7.174476250048596182e-02,-2.467020141082363893e-01,-1.058207636362432646e-01,1.114899840954982208e-01,1.395763041182334907e-01
3.223820373547013618e-02,4.744446662470517828e-01,-1.291493112079671879e-01,-6.512573614425402890e-02,2.182997943648580241e-01,3.897510433206512193e-02,2.644676270329127665e-01,8.754965515158655287e-02
1.904446967911033184e-01,-1.156776627665058038e-01,-1.851541906498487267e-01,2.455190000667379358e-01,2.447732281853917669e-02,1.660619004968861279e-01,-1.901030411688537508e-02,-9.968526958720039244e-03
-5.014099959223061731e-02,-4.305320359818489567e-02,-3.049268864584727678e-01,1.231031124502858093e-01,2.286045407405995766e-01,1.638304866677987026e-01,-8.395409247095153571e-02,-6.360085499828259381e-02
-3.321811431538275738e-01,5.343427947102426939e-02,-8.944073537889585257e-02,1.448522600645203717e-01,-1.575968107275115271e-01,-1.392785894543378811e-01,-4.076345299482712903e-02,2.225599676822413442e-01
2.291138336824367905e-01,1.950003843847496754e-01,-6.165615650252338764e-02,-4.275578046529195098e-02,-3.046110481553043758e-02,2.569034124605224512e-01,1.575810002655629316e-01,9.129611922555300185e-02
-9.852175003632050732e-02,-5.690040726581238606e-02,1.568749576640661100e-02,2.439354793116331743e-01,-3.762806692557683214e-02,-3.810878259754603703e-01,-1.240999455073450997e-01,-9.572511426745600183e-02
-1.919224582250295963e-01,4.517961619214561769e-02,-5.382726364140444364e-03,5.516387973981873652e-03,7.490971391592365913e-02,6.589035752279256974e-02,1.894049153520263040e-01,-2.519105773440587920e-02
-3.068081066005168278e-01,-1.671145842349174709e-02,3.702968570513795465e-02,1.657596483384129182e-01,-4.797590028083228986e-02,-6.867322102531134287e-02,-3.110582855999216578e-01,4.659436263987469518e-02
8.655086108940258927e-03,6.989074385486244989e-03,-2.578184722342688820e-02,-7.291083421303447276e-03,-1.488337941452027857e-01,-2.082429483304155671e-01,2.046877461549606592e-03,-2.373166983979195788e-01
-1.043086383336727097e-01,1.656929970344603320e-01,-3.209680509570603246e-02,3.412423372614040717e-01,-3.003951070868126627e-01,1.703146446483614351e-01,2.592424748421385261e-01,-2.925417905759313264e-01
-3.374370624615167374e-02,-1.401480461760712670e-01,-1.876230142628771969e-01,1.791537055516516097e-01,1.170650318495294051e-01,-1.752342919907826091e-02,3.806751658611673417e-02,-8.170065922423366822e-02
-8.925210380811123001e-02,3.322532093987011215e-01,2.674803063758983135e-01,4.165824584526978125e-02,2.254234215803932462e-02,-1.145754869082198923e-01,-1.242234902084905224e-01,7.673661437209262914e-02
-1.882871862060022661e-01,1.273964085425942361e-02,3.035625166827329857e-02,6.974480655691059350e-02,-7.385308520122838005e-02,-1.845213101875040618e-01,-2.756143630627509999e-01,1.504469488686853429e-01
2.943582997051498729e-01,-1.348320036185840683e-02,-1.115652472349594748e-01,1.081578620100947796e-01,-9.772938817493738439e-02,5.830930489826192942e-02,-2.138365659590929779e-01,4.260337090494011048e-02
-4.626772556617506776e-02,-1.296000795500174552e-01,-7.026668411667183478e-02,1.637268806352976946e-01,2.496672344262122409e-04,3.504901728544697337e-02,-3.074499205021956061e-01,-4.009268799382609966e-02
-1.074779969727937823e-01,2.619274824322387341e-01,8.710274779011667468e-02,6.706240814756059265e-02,6.254961826139618375e-03,-2.055029634095602853e-01,-5.120551092569897850e-02,1.891912019748636653e-01
-1.278843594981472209e-01,-1.355754740728376817e-01,-1.817639793108823953e-01,-8.377528198992839625e-02,-3.294662506386894507e-03,1.219317536824768150e-01,6.155399884896932405e-02,3.328247108900030393e-01
-1.828128573890055453e-01,-1.034309565888463789e-01,-1.677271621637773935e-01,-2.570807986917320737e-02,4.873101584993264068e-02,1.558640285613352439e-01,-2.080505196015530398e-02,3.181013831737225517e-01
2.853626130949540526e-02,-5.113030992058333751e-02,1.404888225124362733e-01,-6.103294636023709474e-02,-2.533309426488310478e-01,2.774487304764109985e-01,-3.652734610362925460e-01,5.619249520939843812e-02
2.230159263087744259e-01,-1.817222728016152922e-01,-1.277677390945716196e-01,-2.064771961965101155e-01,4.226538395112537649e-02,-1.097085339136431165e-01,-1.456372526318905347e-01,1.091283166104524138e-01
-2.701533017270849046e-02,1.122310770821447895e-01,-1.130401777379754641e-02,5.489502210718455455e-02,-2.065255752975796999e-01,-1.835101963866867664e-02,-2.752493030336751467e-02,3.238908179474581095e-02
1.832287231902961222e-02,-2.797557950692068918e-01,-1.071409763573908935e-01,-4.846599132667346599e-02,7.058459404044958863e-02,-7.841796852192614575e-02,-6.779657435423443179e-02,8.038874978403623417e-03
-2.280139971958777823e-03,-2.395816867806229156e-01,1.663198785785271472e-01,-7.135690963919277818e-03,-2.302300317607252067e-01,-1.601202343445016704e-02,8.284222324754242361e-02,-2.327145132687001572e-01
2.039144043058035982e-02,-9.474794272193745592e-02,2.003746522787512863e-01,-7.505098527564020225e-03,-8.513923497002749696e-02,-9.251650202534038303e-02,-4.876725321823817405e-02,-1.073692497187817702e-02
4.481067292511171918e-02,1.507634171874255857e-01,2.251242577007677992e-01,1.253828609413253081e-01,-2.247825769904470694e-01,-1.007125999005451383e-01,-8.433706476449495670e-02,1.133231868552183608e-01
1.400667412930256817e-01,1.235760234609728780e-01,-1.696728536030620571e-01,-1.637717494928649931e-01,1.213167088791866494e-01,1.640204742682838668e-01,2.504869317010601296e-02,-5.079712344206147034e-02
3.322600769122588393e-01,2.812453670037617925e-02,-3.246170098810577387e-01,-1.659326101103572038e-01,2.294580219885949124e-01,-3.385358592772187425e-01,-1.725520485725085540e-01,7.687086365842127345e-02
-1.025112515992918222e-01,1.755627007404894080e-01,2.167032567638712548e-01,5.956382724418581021e-02,-1.157247473409342697e-01,-2.588816687689747820e-01,2.242689247655558216e-01,-2.587956615076308919e-01
5.805305842845548403e-02,1.268340542438398111e-01,-2.245860957406888847e-01,-1.112621729431726297e-01,3.943254572284382586e-01,2.785250660323649111e-02,1.481953724826411967e-01,7.254969942629486968e-02
-1.538333674151588504e-01,1.592336531285764023e-01,-2.221388277829302454e-03,-1.020420438450538869e-01,3.215064617571831151e-01,-2.129217394712020484e-01,-4.481929224729550715e-02,2.657826192039116076e-01
-1.017298563378984666e-01,-6.974950872107213429e-02,-2.452427728713811872e-01,-1.675923458283067879e-01,2.762901256728656496e-01,-2.507443735314113242e-03,-2.140401710993189432e-01,-1.836667899364082812e-01
1.572655007796933957e-01,7.866163959106713122e-02,2.211815966082767565e-02,8.097941749440729087e-02,6.408640634177900641e-02,-1.704906570462909610e-01,2.523452786184340324e-01,-3.245796602681110671e-02
-1.506246659071822647e-01,1.760044946275442501e-01,-2.125654651756749280e-01,2.846667594363426756e-01,2.000976899717281099e-01,-1.640365908164109765e-01,1.537416450598207418e-01,2.136844476945682914e-01
-7.772605000849029666e-02,-2.286352443271214840e-01,-1.306496803608300783e-01,-2.952867160626970744e-01,-1.245320984518822616e-01,2.456955934209011788e-02,-1.708669653143856382e-01,-6.450159631111907974e-03
7.902260162891829032e-02,3.065811737459281372e-01,-2.328316001875088415e-01,-2.763666638587737312e-01,2.603102833628565538e-01,8.430461927713041315e-02,-8.133306161742610840e-02,1.020391422516023910e-01
7.857444500365563800e-02,-8.597896376490454795e-02,1.872725551190708437e-01,-6.333961580430300109e-02,-3.451492281430588172e-01,-1.270018978566092027e-01,-2.584708801739623030e-01,-9.728626263251315132e-02
1.100505369736037298e-01,-1.432632947641291343e-01,1.558894043381538752e-01,1.960636101887760219e-01,-2.258998617200111414e-02,1.796241439811764873e-01,-1.560070214139550326e-01,-9.727336261526645100e-02
1.531485688743591811e-02,-1.471564175281395714e-01,1.438857925510728664e-01,-1.180743744086606428e-01,-4.034019990951927259e-02,-1.195862824366784698e-03,-1.915771014140381645e-01,1.693612510829463624e-01
-3.475278350901216985e-03,-1.898858115658991208e-02,5.903049476080451247e-02,7.009594429940872728e-02,1.523193429282181655e-01,3.345207107916049055e-02,1.478612056872004310e-03,-1.346667729581336459e-01
-2.924694618566593962e-01,3.763027359219471568e-02,1.573257010772059414e-02,-2.488355506192800604e-01,-5.689731590546252132e-02,-3.381542778963415596e-01,4.127867501322640686e-01,1.198500526652862552e-01
-6.141689338931520525e-02,2.914835300188938771e-01,-1.466557044919330338e-02,2.636468816739405696e-01,1.539810238150083888e-01,2.128292684849771299e-01,9.584361683664820164e-02,1.872580538341917997e-02
3.073639947414546492e-01,-1.106315179230731582e-01,9.829852543203954074e-03,-2.684678859908753434e-01,2.992497668896273999e-02,-1.905594134681288798e-01,5.635218240875175533e-02,3.637195105247377214e-01
2.407627456665169252e-01,2.061351912596785102e-02,1.124230241915171319e-01,-2.423854218254635207e-01,2.065853529296972080e-01,2.050819356564065332e-01,2.003705409593034004e-01,-8.974463747333420727e-02
1.560160980957983612e-01,9.002402956989763450e-02,2.724565333100412851e-02,1.044201804050380183e-01,-2.261033875546868965e-01,2.304740480395317537e-01,1.753178258583170390e-01,4.491850797049370958e-02
-1.355032613774093397e-01,-7.686878107117223191e-02,-1.845773855682623643e-01,6.652919687356481648e-02,2.042585486332254563e-01,3.795569564189061468e-02,9.578310334579194507e-02,9.606230728842212602e-03
-1.118917797231863548e-01,-1.170643329907584962e-01,-1.893948627079125868e-01,-6.581070762028255750e-02,-2.379608589560061604e-01,-3.448317872197692591e-01,1.676828046051584975e-01,6.150301400758570458e-02
5.694434116391071388e-02,4.531097724814012184e-02,-5.643067452590946331e-01,-1.061782554873763051e-01,-1.735158729230572017e-01,2.387191018692162436e-01,-6.996642711242333224e-02,9.536797039609561100e-02
1.959065243572184478e-01,9.323040413216537869e-02,-4.969433907687351853e-02,2.611992627923384602e-02,-7.043806281458710183e-02,1.812729615807845973e-01,1.193629934056429920e-01,-3.081320532441191029e-02
-8.239977197013666210e-02,4.083899431978024741e-02,-7.235393310966205249e-02,2.064823244533763036e-02,-2.462267874820230351e-01,-1.287648791645632645e-02,4.014428353049229181e-02,-1.272607077913340823e-01
8.457379033031051097e-03,-2.921215438252849350e-01,1.184806455938252345e-01,-1.343170186323441595e-01,2.018660177392957999e-01,-1.681990199495735083e-01,-7.984678328529702662e-02,9.062526396047626553e-02
-3.209200952942092844e-02,2.396754718998028028e-02,-7.364291594226257676e-02,1.963539802610586305e-01,2.529888452139545940e-01,-1.706640235050126408e-01,3.323141985637648871e-02,4.175160637324167034e-02
-1.747783383181413519e-01,-9.020103885404706645e-02,1.237810821367885811e-01,-4.111551644908336134e-01,1.158243057306988788e-01,-2.547906447621759995e-01,6.107576499768797851e-02,1.366013609039820331e-01
-1.665461354579967912e-01,-1.300531235605563440e-02,2.140613978055732891e-01,-2.440288990604076724e-02,1.330132584338198365e-01,1.647306549235184880e-01,2.182731917899013996e-01,1.463090493215455368e-01
-1.489416415457214815e-01,-6.090315207577309126e-02,1.591951588153277530e-01,-5.778503133274902337e-03,1.863645706512304101e-02,-1.555286235823715169e-01,-3.071817996169335374e-01,-3.990151932431013418e-03
8.474294026520187706e-02,2.376249901314751445e-01,-1.178527587738808502e-01,1.302519685318604403e-01,-2.894544351794208631e-02,2.208132955733206892e-01,-6.478921440074200677e-02,-4.544849980003799056e-02
5.075386743769719905e-02,-1.972281774761207654e-02,1.066894247126450868e-01,1.913404265006294347e-01,1.737506039256487833e-01,9.307435614751000119e-02,-2.831294448951602316e-01,1.657099566732785079e-01
-2.812351680462829573e-01,1.421363599913750067e-02,1.982398351203853992e-03,-1.309348361869599187e-01,9.927892980164228220e-02,1.497706581520035635e-02,-1.296964209085233466e-01,-1.504368346359981901e-01
9.411953063318040380e-02,-3.111772163844352124e-02,1.975043101996565020e-01,3.745790759330590303e-02,-2.393259623207404929e-01,1.654337856128830775e-01,-1.744285881464837928e-01,-1.367956201292442608e-01
-1.134168579673397736e-01,-2.318065261970777280e-01,-1.756913199878395726e-01,6.171659321932004838e-02,-3.523675823548462760e-01,-2.127965404682964357e-01,-4.945668040304165847e-02,-3.097676551789453336e-01
-1.322642343477113402e-01,3.646995919414378062e-02,-1.233054416729245373e-01,1.862952364959191143e-01,-3.823748139617229314e-02,2.977813345224007008e-02,-2.451124166410033056e-01,-2.176305540284264595e-01
3.839110819764559451e-02,1.422437793963844954e-01,1.263182643809654671e-01,3.840093123569743305e-02,-9.022794101142442291e-02,1.657999826566785573e-01,1.699587741829174936e-01,-3.932454118177884372e-01
-1.927794682765428536e-01,1.307428996142772082e-01,-7.944786166969292074e-02,8.604868055824454326e-03,-2.202920129324432708e-01,-4.213633204462388648e-02,2.889921367110705880e-02,1.026759888675045918e-01
5.815293879188147830e-02,1.785660512043149017e-01,-1.579122166881736233e-01,4.477713745660955036e-02,-5.059662128240791090e-02,-2.782572206583593111e-02,7.179597588509899209e-02,-1.633117949077869668e-01
5.786288833578151491e-04,-4.067278715176135540e-02,-2.455629793261061011e-01,1.918600258852856677e-01,1.586626447142315266e-01,-1.297531265978227877e-01,6.351645516657884738e-02,-1.155176035063809614e-01
-6.919905595922469510e-02,2.799997799102439677e-02,-3.030005242894158457e-03,3.195409347412102030e-01,-8.088694012267454853e-03,2.628221168093739651e-02,-1.229965674076410886e-02,1.569216712589415474e-01
-1.382061690258918618e-01,-8.053444789305215512e-02,-5.853764555211465881e-02,1.546111143832501755e-01,-2.341930109952659600e-01,-3.559131311459922120e-01,-7.360771615347042052e-02,-1.213568523537073840e-01
2.737386655631574711e-03,4.511051446569084439e-02,1.841032115754481502e-01,-3.143417620371179444e-01,7.006514423439755279e-02,9.065139127392132790e-02,-5.422430807970204936e-02,1.859236542657906333e-01
-3.928241363364185501e-01,2.591218491818984559e-01,-5.729615811347668619e-02,-1.456399933650804057e-01,-2.252854389198585827e-01,-1.933271434905755037e-01,7.944347378404363613e-02,1.145780733772784055e-01
5.136046715048526307e-02,-2.767312201232723923e-01,1.282830369423647587e-01,3.359059237724663222e-02,3.855510672786861825e-02,-2.068714745349529704e-01,4.692878573311507623e-02,-1.490932578257280752e-03
-2.736646987431968769e-01,-1.578811865941300019e-01,-5.701148383176679602e-02,-7.693045290488695342e-02,2.679942256331507289e-01,2.015381245968516644e-01,6.113313359660997592e-02,1.165561585501530273e-01
1.363859753629146077e-01,7.643520525561242618e-02,-5.179902771653604326e-02,6.924395974385888497e-02,-3.682053213546530174e-02,1.469854565844231631e-01,-2.319230981966233784e-01,-6.051909524195635964e-02
2.358599769370725227e-02,-7.366164581913027531e-02,1.782011498436982533e-01,-2.957592203693099053e-01,2.590317521793654709e-01,1.679341697313632142e-01,-3.881037899892195858e-02,1.731205814126401121e-01
-2.058505108374565351e-01,-6.660786932505018132e-02,2.799596137418234876e-01,8.458257374374533732e-02,5.131400691930833313e-02,5.432748007835706133e-02,5.106543045910699741e-02,2.995490971656637400e-02
-3.416289813584476587e-01,-1.892327144390347146e-02,-3.893750729880648964e-02,-2.783418078579663613e-02,1.396105684454503060e-02,-2.975351072538540143e-02,1.347821680421872892e-01,-2.539711414312170387e-02
3.890261154390980414e-01,1.462592614749168018e-01,7.616122916204161319e-02,-1.645719263963168477e-01,-3.281689833770763676e-02,1.799837884825782053e-01,9.947055971368880256e-02,-1.970540474261429364e-01
8.865331242061329220e-02,-1.631371428757995290e-01,-4.578733117126053409e-03,-2.569272029427286386e-01,-6.666703568300530458e-02,-1.720956765971159153e-01,1.486623711125292235e-01,-4.091828418337400963e-02
1.895895154194335575e-01,3.785091893164706511e-01,-2.501737521850018187e-01,3.096667440959952056e-01,-1.195338725679823133e-01,1.726824366434457358e-01,-3.889913365267519407e-01,-3.410636375830560230e-01
1.469049343770024163e-01,1.567224767646208383e-01,3.552302155527557737e-02,2.869674355020639389e-01,-2.719365435755216609e-02,-1.727313104615924855e-01,6.183556204424660308e-02,-4.030602899313922571e-01
-6.635772566242668924e-02,-7.577069557378510178e-02,6.729205151539535690e-02,1.870684686348304537e-01,9.413833688862978388e-02,1.050367881121410385e-01,-1.159428877672776491e-02,-8.702919309171353035e-02
-1.995005956766700631e-02,-1.272296737580486115e-02,2.974694198473751827e-01,-7.382621509301995344e-02,1.267727785855697897e-01,-4.661531417528640836e-02,1.740756364645469900e-01,-4.145769374251712658e-01
-8.923726026335369876e-02,-1.292986871870938359e-01,1.460041241196093076e-01,4.135425393565822505e-01,1.034601050725499349e-01,1.449684350948015621e-01,2.674927723655332601e-01,3.118378909719474179e-01
3.969932264877844980e-02,-1.985710989345098598e-01,2.243230997462598575e-01,-1.710767038695539533e-01,-2.739554441107720506e-01,1.052266592536653528e-01,-2.074423314247465233e-01,1.686981889261990886e-01
9.874199682569223535e-03,1.031509055824464394e-01,-1.102211415266159678e-01,-1.583017950354802250e-02,2.065972485981079076e-01,-5.693679127554930608e-02,5.486214350383599586e-02,1.576945382237724957e-01
1.574648541353889375e-01,1.856743556848880483e-04,-2.061733180433951429e-01,-7.479103761038266573e-02,-8.519778893787630092e-02,4.217517473942342110e-01,1.451151909339985502e-01,1.190757320977620659e-01
-3.206091985575779679e-01,-7.243638690012249581e-02,2.470586613816147525e-02,8.151761845128475958e-02,-3.959769438825705423e-01,1.632717799548136506e-01,2.192637747754141997e-01,-1.050524030987585594e-01
-2.400507759191401053e-02,1.904486411222866549e-02,-1.236271246518046429e-01,4.737269878031825920e-02,-1.227577855189395800e-01,1.442383716221933843e-01,5.137407347659309620e-01,-2.069498891338973356e-01
-1.124386027405320093e-01,-9.362849391628721984e-02,2.155612901888281641e-01,3.390836068990499275e-02,-3.299757620452673512e-01,2.802895172099186816e-01,6.394301700614704598e-02,1.381582284063518906e-01
2.037499886787996484e-01,8.815753290575994994e-02,-3.015869473302383585e-02,-1.924951411108608290e-01,1.112569887359068643e-01,1.885669609676138975e-03,1.017744454576644114e-01,7.782451988238963878e-03
-1.648212694983568552e-02,6.572706201912660584e-02,3.467018169800777094e-02,-8.896995317857001040e-02,-1.870153419798576550e-02,-7.194415180031528412e-02,-1.378133674919248541e-01,2.034585429691635784e-03
-3.083922501719176812e-01,4.045972748043251410e-02,7.629181628999849585e-02,-2.248981938276376769e-01,1.298688665892398508e-01,1.127358258324964863e-01,-1.323453233879864355e-01,-2.481496399619598781e-01
-1.608906772271947450e-01,-5.044645701222200823e-02,-4.750868039419042788e-01,-7.213501192163816744e-02,9.133653940529116999e-02,-1.725514925959593659e-01,-1.885701808204179875e-01,1.976621823390281307e-01
-5.493147704241756191e-02,-1.450529891896538970e-01,-2.176841129552972154e-01,-1.427698856030928387e-01,1.132132281516365913e-01,-8.631721151528805314e-02,-5.634326830026266109e-01,-2.357900632444382555e-02
2.138695023514820548e-01,1.591788326460036040e-01,-1.308886632128573035e-01,3.616233857622047632e-01,9.748139411743787786e-02,-1.430122155747756696e-01,1.648087780587917384e-01,3.043678786025338229e-02
-5.863425941163080690e-02,-2.959708226052475410e-01,5.990231958690950959e-02,-2.040913648054271390e-01,1.461406452426665115e-01,-5.784118543312630895e-02,2.515461695681551202e-01,1.333037247619231480e-02
3.252738356259387009e-01,-3.948630488272288075e-02,8.309732499633536162e-02,-3.801531110852333223e-02,5.094737097711376367e-02,1.775243182254019336e-01,-2.091684046523177576e-03,-2.162319793169019400e-01
2.816575796228985851e-02,1.416232624268417006e-01,-4.873469483309356143e-03,6.234385157844744146e-02,-1.308498169040776538e-01,7.934383413627485448e-02,-6.510193535071892579e-02,-2.408902834634611342e-02
-7.257675753732706347e-02,-8.525448175200847634e-02,1.001747696369037488e-01,3.797854391349163306e-02,-6.559214427841283945e-02,-1.042205724412303969e-01,1.345961107691258651e-01,-5.019329092429147821e-01
1.336997461564030654e-01,-3.406553333029038733e-02,1.594857178987930946e-01,-2.768566612391445275e-02,2.899394809000229722e-01,-1.690616358101361127e-01,9.435103637063707582e-02,-1.713811978037457773e-01
4.181118695357065318e-02,1.411765198624279627e-01,4.439440202899583993e-02,2.827245160842021057e-02,1.038211197405449621e-01,4.046529190794993791e-02,2.207887110264656477e-02,-5.786412363977811585e-02
8.672810639723448067e-02,1.364940318301559596e-01,-6.154720421962125293e-02,2.498873803874808730e-01,-3.801540185908615643e-01,3.494115165514713808e-03,3.426099159274556549e-02,1.452685131930331053e-01
-2.337120487204601138e-02,1.258840366988984438e-01,-1.933089998170001711e-01,-3.936271500686774338e-01,-7.817150383869755914e-02,6.702496348012638994e-02,-4.067394848533029822e-02,4.434217844801693204e-02
1.156945041791071355e-01,1.154310246975108895e-01,1.867883903590493444e-01,3.347849525127997300e-02,-5.816210203801007450e-02,-1.528441825937612575e-01,2.022635389005710549e-01,9.282603600087323270e-02
-7.505245814837457896e-02,-6.395855337501797633e-02,4.000403172426119647e-01,2.713746165555407930e-01,-1.309697771981920833e-01,-1.049499069238509635e-01,1.811555929839560874e-01,-6.002091805845365807e-02
-5.013566057278212584e-02,-3.548766925880783574e-03,-5.672681979168751887e-02,-3.258143230415492253e-01,-2.199839367501511267e-01,-1.559898632139529728e-01,1.972100732224264519e-01,9.357815681205933211e-02
1.700271892382298200e-01,5.199541166213120236e-02,1.327965927137670088e-01,-2.323686493674206044e-01,-1.582354187768931497e-01,-7.712982857816837179e-02,7.462285853231301336e-02,6.017112508672654847e-02
-1.671046610791230291e-01,-1.086514577879245796e-01,2.237525804205016400e-01,-2.350360338528461324e-01,-3.557226179019459256e-01,1.654688228866551536e-01,2.564162365055888682e-01,-1.131065845376772183e-01
2.084754966589361103e-01,9.070319192838152689e-02,4.460227948423287070e-02,-3.386708082466799441e-02,-2.511112259917777090e-01,1.350442429879027129e-01,1.877421680912420010e-01,-1.896606810095439674e-02
3.619077958101958592e-02,-3.137796506160683840e-02,2.166030989918167338e-01,-2.824094752157177979e-01,8.292422382906547429e-02,-1.318305107434389611e-01,-5.371517972651897177e-02,1.548962709522213044e-01
-1.161068601805264888e-01,-1.580268022528379668e-01,1.461521571979735867e-01,2.673840795435539208e-01,1.427184149510665745e-01,-1.811071569328376318e-01,-4.097032537032498090e-02,-5.684635502464242818e-02
-5.425970322174272081e-03,3.213638899943807581e-01,2.018567509408995264e-01,1.210735535384172418e-01,-1.524997916695927658e-03,-2.595727827069103655e-01,-1.036597957660018859e-01,8.484274880701987709e-02
1.495377397781479274e-02,2.540798271731408153e-01,-2.612312277275718464e-01,-7.734132682189709396e-02,-1.282536672577807013e-01,3.210492364993861036e-02,1.935585641640426569e-01,6.871566794389438737e-03
1.607607891274641029e-02,-2.059097974066104730e-01,-2.809073710954628628e-02,-1.449610585115194417e-01,4.696634533118571042e-02,5.122591549160435132e-03,3.297112984083519494e-02,-1.466818891728546848e-02
-6.193250334767608917e-02,-1.182294296861541305e-02,2.646587686993754351e-01,5.138240244475483776e-03,-2.263730353579309074e-01,2.530368143054997909e-01,2.149372706764418606e-01,-7.070571420372295801e-02
-4.800972697002561795e-02,-3.912534445377986725e-03,-2.177471823393348771e-01,-1.545875872567186449e-01,1.684105426278058315e-01,1.153640742570616329e-02,7.537681375897270497e-02,-1.055802866351828254e-02
2.932449176371873523e-01,-7.103236483094241445e-03,3.219342317301089607e-02,1.074795929990587373e-01,2.426825774114403089e-01,-1.345393981661633098e-01,-3.454607004797391467e-01,-8.192309718377346894e-02
-1.400308837037815002e-01,8.075852319307159910e-02,2.773585016528290481e-02,4.408451794245885069e-04,-3.625972461855962031e-02,1.622532265588399331e-02,-6.136400182304209416e-02,1.346427539463141976e-01
-7.044461549538227896e-02,-1.215853335208328528e-02,1.346974212689642791e-01,1.587292566788002235e-01,-1.591564028379193474e-01,-4.759790096880793520e-02,8.943061165571712656e-02,2.945515444500911295e-01
1.536605904048058135e-01,1.333924226407082747e-01,8.821343775775182527e-02,2.399299166396095251e-01,-1.567391580137865725e-01,1.915626569332015139e-01,-8.694975257350659459e-02,2.542314906227189503e-02
1.339022303194676855e-01,6.904584904564455006e-02,-1.505679517943548928e-01,1.768926042611248250e-01,8.006581922529845685e-02,-1.959483360837845634e-01,-1.807303843511531838e-01,2.510695436400650626e-01
-5.535331731220015372e-02,5.380177527862550421e-03,-2.810139142677518104e-02,1.139796229381394022e-01,-3.621200626912411680e-02,-1.330561674577755982e-01,1.531180160992549333e-01,-4.745354759429001312e-01
4.303890010891792822e-02,-9.017404542368899489e-02,-1.061448595025576702e-01,-4.150897889866120294e-02,-6.604325498179047793e-02,-4.412025318099410676e-02,-4.486192374218213319e-02,1.225281823140904891e-01
6.181547236797796385e-02,-1.433365962352134149e-01,2.763751017082277106e-01,-1.492018275075689682e-01,-5.905814500347469215e-02,-1.257608784307070668e-02,-2.668206812044547627e-02,-9.854442117357344044e-03
7.820637992880229150e-02,1.038101001198700052e-01,3.801481447784749168e-03,-1.578629077212229948e-01,4.529396160876553168e-03,1.900378923755016436e-01,-2.499416819348175903e-02,5.066705188579617714e-02
5.057428795792201504e-02,3.559569336965593966e-01,1.731083660008010117e-01,-1.128079343701078457e-01,2.353113908867225379e-01,2.252468256283103043e-01,5.969788224082346606e-02,2.844795411023254839e-01
1.348162005755391968e-01,-2.302737202845450137e-01,-4.057660258026347250e-02,-1.540838154935054161e-01,-1.618415707456347802e-02,-1.349896378245379371e-02,1.465535454842601115e-01,6.278130770372940261e-02
4.134150909320470635e-02,1.987656716724083006e-01,3.571923329444005174e-02,-1.056871901689546284e-01,1.419420084944685301e-01,-3.376583066261317212e-01,1.344071867126901687e-01,3.021672449111396930e-02
1.191765615123830391e-01,-9.030005256954873327e-02,7.924820244040649275e-02,2.007577009290550940e-02,1.630921941469512526e-01,2.430929000792023814e-02,1.509184880807858120e-01,4.950225188273418148e-02
-4.442250428831832215e-02,-6.730895324440119842e-02,-2.810216061051079017e-01,-4.239010253760007452e-02,-3.519002171809646473e-01,-2.740601550085435684e-02,-3.958330660470041340e-02,1.195370046763471195e-01
1.733988844051562173e-01,2.594303749054045760e-02,3.274123729769171653e-01,-1.684087638883109694e-01,-2.396636114980007504e-01,1.033376548369626183e-02,3.461496673182758860e-02,8.473871337709466822e-02
-1.343075310890564922e-01,-1.276985325008838379e-01,-2.308387616631783490e-01,1.966948657746390161e-01,-1.311395200510609149e-01,1.007060182351439404e-01,-4.010543972047317385e-02,8.030362059404044794e-02
-1.099341271881507098e-01,-5.630465431246573643e-02,2.292516799539743300e-01,4.374979241699955557e-01,-2.084240342067196217e-01,7.864023850893503420e-02,-3.118882320875036029e-01,-2.302085967604858840e-01
1.584913956206322472e-01,6.525741835367589172e-02,8.817591871384397595e-02,7.286233117148429445e-03,-2.505853560616907449e-01,-3.320724487043704154e-01,1.821266119960920915e-02,1.814213404588073120e-01
2.498885883015898590e-01,-6.253630417905356453e-02,3.407548868033017930e-01,-7.972679656997305742e-02,-4.576735905876767874e-02,-2.838603285497312001e-01,-1.283819215419200188e-01,-2.131717532733899412e-01
5.673360787931536198e-02,1.293784041089648951e-01,-1.923123348132182997e-01,-6.364824800533716576e-02,-1.021648998941514924e-01,-2.420690023706317806e-03,8.089166945126027852e-02,-5.111254673813783039e-02
-2.144697608176268921e-01,1.765382812432748222e-02,1.201624668291085829e-01,-7.407592227975280663e-02,2.184662676638429724e-01,-1.246283291399758186e-01,-1.475581244101169809e-01,-4.589860237362321238e-02
4.498141496431915520e-01,3.008710337549399538e-01,-1.588808753594198597e-01,-3.243926941239383965e-01,1.191085706476048209e-02,-7.113655015456273045e-02,1.914554896411060636e-01,2.665848351410382566e-01
-1.530184100839295513e-01,-1.101292043841821111e-01,-6.117251429493944515e-03,-1.710351491965315107e-01,6.427911435184609223e-02,1.607714320639848093e-01,1.121252071646019199e-01,-7.126963160271679310e-02
-2.373321557941829307e-01,7.765317849194824928e-02,7.329562003570176676e-02,2.792125623876633850e-02,-2.212712670814669380e-01,2.014938956841830220e-02,-3.180747696259034196e-02,1.193625356955520522e-01
-5.879491068027119238e-02,-3.688996602207622599e-02,-1.211373651458417661e-01,1.446933128353908304e-02,1.736246916232002113e-01,-7.889766798471156695e-02,-2.185157797564888371e-01,1.029752836523960269e-02
-1.076730467050841453e-02,3.015173237070946088e-01,3.524433335590920757e-01,2.526205700343121530e-01,2.432723697695017562e-02,-9.430470353417612361e-02,-1.516047463841585230e-01,-2.163417808018827659e-02
3.035714767134428671e-01,1.278531590684918728e-01,-1.933412919769348093e-01,-1.391693593530490269e-01,-2.270198281179150457e-03,1.064746431769507951e-01,-1.650493692136343615e-01,6.415944060103272173e-02
4.738789559587551492e-02,-1.788853618884584384e-01,1.692155961796628361e-01,-3.867716119380534834e-02,-2.994647972671459213e-01,-1.574995782654110832e-03,5.285603561972103126e-01,9.692780629958167027e-02
-6.220865611921159999e-02,-1.995942575123101359e-01,-3.431854307182697350e-01,-3.329743012114153577e-01,-1.541834293503153985e-02,1.404142679772112379e-01,-1.056716142461156527e-01,-2.942479373453558977e-02
-6.003607644062229631e-02,-1.329516891628390596e-02,1.154251182123331443e-01,2.976163509999987244e-01,-1.690773794591897417e-01,-2.953557819606795753e-01,2.931612500655368936e-01,1.299205854855530751e-01
-7.585826393502845266e-02,3.448536325993257767e-01,-8.862199304133946964e-02,4.592765698175255151e-02,-2.036506853139252726e-01,4.690381820732403284e-02,8.960479428516596179e-02,1.787059238710841380e-01
1.485696135301708964e-01,5.932364694573082076e-03,-1.781704890874004077e-01,5.451888634114267218e-02,-7.817468400631660819e-02,2.775659464849967173e-01,1.406255928673404154e-04,-2.502778481176604619e-01
-3.669139500312507129e-02,-5.555668535517231665e-02,-2.184089843198146197e-01,-3.827603667867948700e-02,4.076835820067159499e-01,6.621894716881572551e-02,4.060361261864157134e-01,4.961414921510296817e-03
2.638107553921394399e-01,-1.873743524894658785e-01,-2.387642955417007551e-02,-1.794196842347084153e-01,2.685399047492929014e-01,1.454764344469882675e-01,1.182944039699167921e-01,2.289169875147237243e-01
5.357503463570643942e-02,1.015571095298862664e-01,-2.988875201239051260e-01,-2.203674167351785118e-01,-1.500382348436378813e-02,-1.749047798078268157e-02,-1.136413791078894481e-01,-1.342469649998845327e-01
-5.978808822213355079e-02,2.029236357182662431e-01,7.583087620455540578e-02,1.163788965679071336e-01,-1.031662736042397721e-01,1.120779601825216132e-01,-2.757480869108146493e-01,-1.603052109808144887e-01
-1.911223552096620870e-01,3.005799174416773911e-01,-5.347295793163206468e-02,-1.820808467805397624e-01,-1.943647974438173498e-01,9.443353132042586751e-02,-1.360430312992819829e-02,9.324765457096714782e-02
-1.053011979150052513e-01,-6.110697431659088685e-02,2.290248622568096526e-01,-1.227974823382713132e-02,-3.262975772924366080e-02,-1.540730355238542071e-01,1.961938227912831956e-01,8.826161230671614177e-02
5.277334870647808207e-02,2.756475485961726313e-01,-9.338278719790281401e-02,1.409246872703976694e-01,-4.206544944006795905e-03,2.492542236567404368e-01,5.833496943600663398e-03,-1.339308046361139537e-01
-4.496169204444837308e-03,-1.054488460313287163e-01,3.235676687151645692e-01,1.838165313480206731e-01,1.706997031515611052e-01,-5.301698763792737912e-02,-2.876063458169947351e-01,-1.978361969215553309e-02
1.805646012118837795e-01,3.595379143546871548e-03,-6.308891250468892653e-02,3.233035724036717462e-02,1.983080356321825777e-02,-1.199545111646441731e-01,4.229413838686407745e-02,-3.961578799127833672e-02
6.212611815107761670e-02,-1.078812346778380005e-01,2.378831490611844068e-01,-4.975558869703205350e-02,7.506956953655441467e-02,1.611654947923060188e-01,2.469770504426035129e-01,3.544810151569063872e-02
7.539491826230186600e-02,-2.017972786280986530e-01,-1.748715112064475330e-01,1.169711277990668208e-01,1.181650869367487644e-01,-3.804828361561576888e-01,-6.913267345062211466e-02,3.272162828047271016e-02
-3.314567954528895022e-02,1.261376264209643910e-02,7.444100975760789551e-02,4.433844374854322562e-02,-3.314448252890775382e-02,2.049572700021354554e-01,2.731243995715490133e-02,7.568910948082341328e-02
1.079532941894350076e-02,2.900867572864591071e-01,-1.196327794473778378e-01,5.572747087232278462e-02,2.409499093476454024e-01,-2.176673822887715826e-01,-1.470057275055200452e-02,1.747185385685238179e-01
1.129710740579995126e-01,-1.802582894444693939e-01,4.245423310862130734e-02,1.051923701261991972e-01,1.823869266755481500e-01,2.146472873014530422e-02,-1.509316692789023640e-01,3.298764999934302722e-01
-2.567789652699934561e-02,-6.642130069653820468e-02,-1.460968670443864026e-01,-5.572939219085834561e-02,-7.370154493492561687e-02,7.504707612415410789e-02,-1.195488885640591525e-02,1.006335941776322906e-01
-2.411571662723816512e-01,1.035004438098630908e-01,-2.379619795349390277e-01,1.037519665838830887e-03,-2.007453156164109020e-01,-1.458671495331204659e-01,-2.251983973121773341e-01,-4.720072018334752206e-01
2.980313504243966571e-01,2.455921443249776126e-01,-7.865098348911801762e-02,-8.217444875956680939e-02,-1.424356559898676544e-01,-1.029482786591290333e-01,2.440992425673514654e-02,-2.198978816354557886e-01
-1.676919659520408890e-01,5.745573307194846990e-02,1.649618299428431134e-01,1.660586792469067874e-01,-1.587541335492442252e-01,4.725238999837012149e-02,-1.390244798365605494e-01,-1.488791478565973381e-01
2.958103405659451637e-02,1.884929829850863492e-02,1.181076576673165124e-02,-3.887223217748494997e-03,7.995272087867758004e-02,3.252632025671263472e-02,-1.435413130607426924e-01,-1.385047900480985139e-01
7.019762442905121136e-02,-4.238380318620480619e-02,-4.391853870328626952e-01,-1.854758069857623537e-01,-2.233603320722619412e-01,6.293848602379319146e-02,-2.834370304526516726e-01,-1.936704845306718992e-01
-8.679323484702899938e-02,6.506902080509417707e-02,-2.282353905297644370e-01,1.878678465687009039e-02,-1.808065422190455740e-01,-2.059214897513120535e-01,-1.229089654530274855e-01,2.868310946933435579e-01
-1.375294772872825699e-01,1.064117402115368066e-01,-3.714620712512305828e-02,9.911354129221404408e-02,1.271754813847959797e-02,4.523419550275676465e-02,1.410879424915137403e-01,3.271426761878771794e-01
1.098464907362293047e-01,2.190145206386169829e-01,2.297869724258747026e-02,-1.272210644799178225e-01,2.164400101684671451e-01,1.290948753983078567e-01,1.528982225502805437e-01,2.807752339211405657e-02
-7.199362908035970843e-02,1.648855488008638959e-01,1.436840551208328209e-01,-2.641890364935728375e-03,-2.495794559601538509e-01,-2.935047632058024880e-01,-5.655459293635552165e-02,1.145889740778582300e-01
9.551920903209336344e-02,-1.020304925423324710e-01,1.250646495271198477e-01,1.040607796185232664e-01,1.970951107625420196e-01,-2.322994950858091046e-01,-3.161462075137579930e-01,-2.005002592658330918e-01
-1.894338516299916633e-02,3.876929705896897116e-01,-8.505480233698733267e-04,1.728160671321317399e-02,-1.104406120818349352e-01,-2.376002204518614103e-01,-1.283221510462088585e-02,1.379043813901237037e-01
1.248102145814312947e-01,1.341775451902446625e-02,-9.763336833040101026e-02,-2.966503596122819220e-01,2.009940543644259947e-01,-4.354166038687122542e-02,1.401357003363730702e-01,-1.340237908558637447e-01
-8.318910044223692957e-02,-1.564867429105858687e-01,1.539360710787421871e-01,-3.101384556885829202e-02,-2.891702515629198111e-01,-5.881389046694253386e-02,2.725638970946082096e-01,8.735667583848465145e-03
-4.823710498673651481e-02,1.871150862653788924e-02,-8.242242270616619015e-02,-3.587197361809119772e-02,-4.091840399491476765e-02,-3.689306694924000818e-02,1.624917970413729540e-01,1.896903042906123715e-01
-1.714792832118091914e-01,1.674305731547082732e-01,8.259194264511349193e-02,6.490252820615918794e-02,1.931083548161047214e-02,-4.548413725685567649e-02,-2.239823098982105659e-02,-2.296010037584953756e-01
1.859713125415638491e-01,3.330344493962418551e-02,8.277695670093140889e-02,-7.115861980149291999e-02,1.898344803471344322e-01,2.261711586997098775e-02,-2.286150446794279478e-01,-2.510697689328613216e-02
2.046239064846000211e-01,-4.924203500895479868e-03,9.780025726669622221e-02,3.803793934812259303e-02,-8.798791813671312523e-02,-1.503641004673152703e-01,-1.507432648498401584e-01,-2.045467772893246328e-01
2.232602105272200321e-01,-5.105142933078299361e-02,-6.881887768907375691e-02,-3.424693489908048338e-01,2.775705539367568503e-02,1.358575567638523052e-02,1.509007823013473748e-01,-9.771624834427007633e-02
9.082015961632104728e-02,-5.151835098902422111e-02,1.749190033666489508e-01,-1.640290128071599796e-01,-2.177207503795914323e-01,2.040885244741543203e-01,-3.885404121033059904e-02,-6.726186104460658843e-02
-1.013730720777122896e-01,-1.040579823339387033e-01,1.548644227860577482e-01,-3.969986863928638005e-02,1.128148858998209297e-01,-2.930335270084739041e-01,-2.340445499678216190e-02,1.341597377511188627e-01
-1.440549029420112002e-02,1.727377811226756543e-01,-2.190553656573457353e-01,-7.743402499915848225e-02,-1.128298716663634904e-01,-1.098623284555961949e-01,1.843282133432893044e-01,2.599938983934790837e-01
1.637648060417697948e-01,-2.724725841947729377e-01,1.048437835974760368e-01,-1.994528655460244548e-01,-4.420378892027078399e-02,-2.312980868964832071e-01,2.245793397352344734e-01,-3.153511529860142937e-01
3.998056593973303707e-02,-2.615619454243489073e-01,-1.302926794630285823e-01,-5.707105877647635633e-02,-3.691432660424304180e-02,-8.780691799696160177e-03,-1.654024031539710338e-01,1.692135579184471661e-01
-1.395430837013328929e-01,7.927198800323517758e-02,1.951619624852956036e-01,-1.669336474834043904e-01,3.728692296056058952e-02,-1.045437058224032434e-01,4.999263503443930959e-03,-1.327528978431471995e-01
6.179006297260109665e-02,8.330847507759453485e-02,-1.324208771462072609e-01,-2.889319488160995708e-01,-9.008261028950040328e-02,-2.161670692903726043e-01,6.297336307716167036e-02,-6.179782721076414187e-02
3.276087146903335079e-02,7.374081770108660561e-02,7.973925382369698167e-02,8.145591157495313261e-02,1.209296070189941619e-01,-1.453471335457804936e-01,-2.082184362499970021e-01,-5.272311296641284117e-02
4.047635712034758360e-02,1.363378529487635493e-01,5.760772124680707540e-02,-1.146885308680972437e-01,-3.175691351441971289e-02,3.901919802313402741e-01,9.769127436030274059e-02,-8.962289853583441102e-02
-1.014493155157552007e-01,-2.625782600800666833e-01,1.284966951515136568e-01,2.732530423443519374e-01,8.993000532644805645e-02,2.131570040494347451e-01,3.362595345212418887e-03,1.309499477733661321e-01
1.263752003216265900e-02,-8.106766027892185755e-02,1.648776361358723908e-01,1.943802096091104825e-01,3.760580716211508467e-01,5.914652311629781806e-02,-2.427246085198588865e-01,1.982271208456747869e-01
-2.619351550732536560e-01,1.009599653576187389e-01,9.821636419534363061e-02,1.617027281444469444e-01,-2.342215592118407630e-01,1.673425389222424897e-01,1.305756484892780789e-01,-5.124610833390601944e-02
-9.905000178950093548e-02,-1.649425925943895921e-01,1.613828957430751554e-01,4.680517842133947309e-02,-2.351524993980878830e-01,-5.135312088212357073e-02,1.599544164472636518e-02,-2.581996145951388488e-01
-3.787870886551759214e-02,-1.057454462951815805e-01,1.479121153461424032e-01,-1.723881091895906603e-01,9.122466820531124898e-03,8.174430466228532755e-02,-1.468383433574375341e-01,-6.323834137588660309e-02
-9.921065432052278421e-02,5.748128048017902419e-02,-1.621247857099610279e-01,1.822362216002837432e-01,7.536857797187100638e-02,3.104488950430563804e-02,8.283881255570114954e-02,4.834497867499255169e-02
-2.106229467133439309e-02,2.280797677350732133e-02,-2.066095300426284975e-01,-4.603245718598325542e-03,-2.921008800859136723e-01,-1.002655142898960794e-01,1.102839344725674298e-02,9.811672403143416668e-03
-1.934998639419867050e-01,9.611158382202590611e-02,1.789008987257319494e-01,-1.013053083104361041e-01,-3.925176890735330992e-02,7.954459617919540371e-02,7.547711137795333480e-02,-1.911409077147570301e-01
1.958044118840652215e-01,-2.324776339893204202e-01,-1.087343349914970114e-01,-3.305346183225146839e-01,4.149408993762920134e-02,7.480940830286908483e-02,-2.385096550123737835e-01,1.815840928089684225e-01
-4.617085244915753589e-02,9.765093155272130954e-03,2.655649728844002300e-01,2.242785713105407142e-01,-9.933880361145490390e-02,-1.216079154260860662e-01,1.796783715863972397e-01,8.969940437519857701e-02
1.058079766458504545e-01,-1.772928786913700525e-02,-4.568971031368482955e-02,2.517842503369858292e-02,-9.170224860430375990e-02,2.343754370634894557e-01,-3.985059986439071222e-02,6.261655314126064742e-02
6.429359763604670930e-02,1.094022259649671813e-01,7.130388721699304488e-02,-2.378586153676714443e-01,1.483437008818019355e-02,1.345959530579498575e-01,-8.385586716820938105e-03,4.069970801034728664e-02
-1.165246591989018421e-01,3.182027939467785282e-02,1.855437077438771287e-01,-7.630940017577685086e-02,3.935869482613570947e-01,-2.643428137339815520e-01,-2.268581592309100170e-01,-1.552748565891104160e-01
-1.872829025524311644e-02,-1.921571681895427874e-01,-2.378411917080754945e-01,-1.539874602950069282e-01,-2.452917151949449148e-02,2.308620724198075236e-01,-1.850459373288070031e-02,-3.204872999708106851e-02
1.213834138162300791e-01,1.725384564813270405e-01,2.132613708044786838e-01,1.362500833822807844e-01,1.087942575451217031e-01,-6.993754116685101108e-02,1.381249731754824739e-01,-4.213559854624401857e-02
6.471885898649321761e-03,1.362769163039887765e-01,1.063423862784348695e-01,5.123684033818688005e-02,4.822584793177536050e-02,-2.356582156770214431e-01,-3.443492068690067187e-01,1.117065075825014325e-01
-2.786875412280415132e-01,6.132572288461562993e-04,2.979722003984034417e-01,5.411211946744332035e-01,2.415067887325546558e-01,-7.998403230402063857e-02,-1.539945515997977465e-01,1.723884959784008908e-01
7.421559983922611237e-03,-4.276467409330655944e-02,-2.354355402542800957e-01,7.664118308688482040e-02,1.003091596553176562e-01,2.763729416261163641e-01,4.573459038259751475e-02,-2.734326770671362955e-02
-2.435504479996811536e-02,-1.088292390589752461e-02,-5.985114226398068060e-02,-8.200905459025853439e-03,-2.613056172852522979e-02,1.505947389838598605e-01,-1.675668353398822585e-01,3.264636691525104606e-01
1.054867708087810080e-01,-1.806229043261187162e-01,3.421085434296174954e-01,-3.362213146391295759e-01,1.170841649542164326e-01,2.320179143770326746e-01,1.568075843788119539e-01,1.956775740337872715e-01
2.608235299405369245e-01,1.847977779408480348e-01,4.050810923184236523e-02,3.042418607885397086e-02,-8.743780306649047429e-02,-1.801382605422671979e-01,4.241809447443547487e-01,1.428858376930527696e-01
3.125127795921057994e-02,1.203175389500246439e-01,-1.004854007860280507e-01,5.486724241685263931e-03,7.680711642173679299e-02,-1.526694866716914456e-01,-6.913240726992710139e-02,4.007273632114818351e-01
-8.673646104232116127e-02,1.518227315318223525e-01,3.716846174723647533e-01,-7.842729303505800720e-02,-9.801680189960437772e-02,1.671906824424057303e-01,-1.189598391342165801e-01,-5.307045017357127359e-02
2.528014484097843712e-02,1.967666429451605248e-01,-1.006408624801536644e-01,8.812503488056744327e-02,1.147986354313697416e-01,-7.371079699394716966e-02,-2.032929065455156004e-01,3.079997543046122943e-03
-6.764416251597814289e-02,6.810917699610310322e-03,1.865170988345927205e-01,-7.890111286862805384e-02,-1.095530324666287303e-01,-9.121273090620557467e-02,-1.515503163773480877e-01,-5.337222775909700179e-03
-2.551414406385004163e-01,-2.377067282446400087e-01,-1.931716488787788844e-01,-3.279501269415628917e-01,-8.254729909261770970e-02,2.446173687445051259e-01,1.761610514319603832e-02,-7.734104595688739980e-02
-1.341462984755019405e-01,1.923353852709417111e-01,1.681654566186120969e-01,-2.162198838028984299e-02,5.085408367771890661e-03,2.885212941832420580e-02,2.395184864572177663e-01,-1.058336445228199030e-01
2.703959788801935105e-01,-1.092666261495749830e-01,1.811926479047807625e-01,-1.180840488021555196e-01,-2.932497169529873701e-02,1.876731667209051158e-01,-4.222907021250956738e-01,2.396535812150533129e-01
-1.856952830746291805e-01,-1.894873885402776348e-01,-2.109305908335808166e-02,2.334481868848814479e-01,-2.047606741386701901e-01,-5.123211044453700180e-03,-2.433680624978026841e-02,2.594897345942425160e-01
7.398167675255470921e-02,-2.814809164751696374e-02,-2.876060604946099886e-02,-2.199074488211510137e-01,3.395697993429657585e-02,-4.346919070178771605e-02,2.347946388557925479e-02,-5.831035592941111179e-03
-9.264160014385833253e-03,1.744920593798790498e-01,4.497833842715312502e-02,1.272898488999837652e-01,2.186539592940531934e-02,-3.356893527392200149e-01,-3.155148983256774731e-01,-2.266453464669780926e-01
-5.553667657291379289e-03,1.395612487243628186e-01,-6.149529182674766392e-02,2.287686411688422128e-01,2.834560850494881046e-01,-1.859637234981249276e-01,-1.513897804725797547e-01,-4.878177627719419429e-01
-5.536432656464537749e-02,-1.012819703630537388e-04,-1.379425062043647121e-01,7.276808003797055613e-03,9.860958546385320544e-02,1.099452124512488166e-01,4.987907394992664029e-02,-1.790866826955991586e-01
2.945647625483466259e-02,2.220769537712376576e-02,-2.896328737676457515e-02,-2.784052420920750670e-01,1.761310899746165032e-02,1.126819802427017625e-02,-1.088478470393789421e-01,-2.448133971984745028e-01
1.501568872266507426e-01,5.527795660584006177e-02,-3.705499791686023281e-02,-2.450790986911926400e-02,2.668860379514371717e-01,1.392320032084223280e-01,8.614030885674231475e-02,-1.604206952492108762e-01
-2.661564871141062216e-01,-4.320835539382117396e-03,2.787445808308114947e-01,-6.401522297973186171e-02,-3.094658767380893960e-01,1.455473318788096104e-02,4.525330245892882353e-01,-1.740776288044501852e-01
-6.004134625376268686e-02,-3.339646449608391632e-01,1.725362039453361696e-01,2.308509487123631965e-02,-1.414269630811114120e-01,1.703016107863304374e-01,7.797980682977420641e-02,1.780836922910809805e-02
1.523229332503975991e-02,1.214011141554991041e-01,-2.567110033962963778e-01,-1.002993083011451125e-01,-3.245022534938654113e-01,-1.287047445963329928e-01,-1.602514673699577674e-01,-1.737845287192288646e-01
2.623798846694317954e-01,-1.676258401913524043e-01,2.648747803219207997e-01,3.682898052644872910e-01,7.678938432595208696e-02,-9.899820131119718702e-02,9.192257553903085410e-03,-6.101514151197953706e-02
1.952353382074714094e-01,-2.657805159252940586e-01,1.402371689170520130e-01,-1.602965339645360809e-01,6.391042582564560037e-02,-4.209247201684628709e-02,2.475563685646897660e-01,1.994880798155266310e-01
-7.468660154255320205e-02,1.532535426226579178e-01,-5.682280138947558290e-02,3.156140555117323276e-02,-6.363078652423583004e-02,-5.635142165267338632e-02,2.756503070810897849e-01,-9.293143440987611248e-02
1.809265040622382581e-01,1.732831934142614605e-01,2.338674633282703252e-01,3.357757214344045948e-01,1.964324891017338315e-01,2.254354275481121328e-01,-5.128208352689940519e-02,-2.646054494341176233e-01
-2.562508498513196287e-01,1.142697358442173461e-01,-1.421008427729026080e-01,3.550152168778099998e-02,-1.751672520890565354e-01,1.761640269942376658e-01,7.267965664225559119e-02,1.687342546365094842e-01
-1.391084718742209396e-02,-1.160556622071013261e-01,-2.863194566796742335e-02,-1.715272537802890185e-01,1.210015377950839632e-01,1.321277759643410266e-01,-2.336813994870823308e-01,-1.486519103607538139e-01
2.286576158386762481e-01,-1.221271536353148307e-01,3.494501401493615989e-01,-2.416417656958186333e-02,-2.704969036216916534e-01,1.740842528306720538e-01,-2.780196804407191000e-03,9.332792903014001940e-02
-1.677881577835141358e-02,1.330800395527850788e-02,2.699411330682254251e-01,1.207967586836802415e-01,1.575975268857712774e-01,1.203074910422476107e-01,-1.486950013041520025e-02,4.254267293830796270e-02
-7.659405079494029100e-02,4.632436728785160884e-01,-1.502968143047326843e-01,-1.608317704234227263e-02,-6.385179612626687429e-02,1.879065492469474408e-01,1.686913974068181277e-02,8.117092209783077772e-02
-1.468922579149034013e-01,4.691769068245618679e-01,2.654502221615756552e-02,-5.621795949166366602e-02,1.797092327760675956e-01,3.366261409482373956e-03,-1.349207833504749085e-02,-1.957343333731983992e-01
-2.417488170590497698e-01,-3.695145432823340181e-01,-6.747808652678503882e-02,-4.598770466597923434e-02,-1.885552896370415177e-01,2.059257903521889144e-01,6.945790541241600446e-03,1.416237209548040776e-01
8.369205160566781099e-02,8.988408451353858963e-02,-4.443356792026519064e-02,1.000899917128915545e-01,-1.745321394354813205e-01,-2.397177085870419444e-02,-8.402609642627457964e-02,9.904999782037048062e-02
6.087540754709316188e-02,-2.325797821438935209e-01,-8.598869054306032197e-03,4.311857616017467781e-02,9.235277897799307190e-02,-6.302701440882262085e-03,-7.926104548193603494e-02,2.720116175395275171e-01
2.423714710334672062e-02,-6.915988565656752685e-02,-7.015568867283700216e-02,-2.811236474015367248e-01,-1.309542534186024787e-01,3.622208799483753183e-02,-5.844732530389295383e-02,7.209300693153469775e-02
-3.313138622787993592e-02,-3.796767808137607170e-01,1.075269102061894994e-01,1.847826210777839817e-01,3.491470200187478667e-01,9.480568510051481934e-02,-1.846218854861235159e-01,-1.992090143357837795e-01
-4.839047503959148511e-02,-1.611389587040273630e-01,-2.665648027356494199e-01,-6.506763549736539753e-03,-8.993253010496843336e-02,4.481372771539501865e-02,1.098794312924929739e-01,-1.991084477171219114e-01
-1.875416069292392685e-01,2.583272782311287624e-02,1.097508029086092934e-01,3.501319680727106587e-02,-4.107764160258600694e-02,-7.954173979797844740e-02,2.396023638088508045e-01,-1.748895257312491069e-02
-2.492896184331191423e-01,2.927047173094949120e-02,-3.121600695840875961e-01,-4.501164824626086025e-02,-5.695475155558859387e-02,-1.767169944543478879e-02,-1.388729120870571265e-01,-8.877841195903558857e-02
-2.794705697470382111e-01,5.208296258692170222e-02,2.186668481608070591e-01,1.574383200356666013e-02,-1.857935478761559289e-01,1.768413913428509288e-01,7.154206492171752418e-02,-7.601992349968685059e-02
-2.947939816176091687e-01,9.706211499717957991e-02,1.126445992565204279e-01,2.377574155943046330e-02,-9.513075150469046948e-02,8.326435483476135602e-02,2.132756868385683735e-02,1.909310979020896193e-01
-1.624497698573213189e-01,-7.099682173133448071e-02,-4.082681394951283294e-02,-1.072338345122998970e-01,2.376400244041794729e-01,2.654978344874786567e-02,-1.038305986886567112e-01,1.223144052917781305e-01
1.593589325406188917e-01,1.039608571878317123e-01,-9.041716808450529774e-02,4.906140557717302703e-03,-1.111677666671354175e-01,-1.202432124502701150e-01,-1.143138680295492648e-01,-1.344670865080036803e-01
1.348009339574536836e-01,8.379056401684796540e-02,-2.854658616258626269e-01,-3.671648773562374152e-02,-8.685236106722610261e-02,1.161917166474853158e-02,6.592943506590363822e-02,-7.193768831021783716e-02
1.473106460649417637e-01,-1.760287764454109283e-01,3.034900732979810001e-01,6.423212610968621894e-02,1.436138298866781460e-01,-2.236033512189724431e-02,1.779062590537029420e-01,1.949203855971849975e-01
-3.440072692966714141e-02,-3.429356546910052733e-02,2.176126788301924464e-01,-6.058878828416901230e-02,-6.591616282662159099e-02,4.840378431324353359e-02,2.647150655981839878e-02,2.095482690396099357e-01
