age_group,outcome,cntry,n_pairs,pair_plugin,pair_da,any_plugin,any_da,net_plugin,net_da,persist_plugin,persist_da,persist_da_bonf
youth_18_29,trstprl,AT,2,1,1,True,True,True,False,False,False,False
youth_18_29,trstprl,BE,2,1,0,True,False,False,False,False,False,False
youth_18_29,trstprl,BG,1,0,0,False,False,False,False,False,False,False
youth_18_29,trstprl,CH,1,0,0,False,False,False,False,False,False,False
youth_18_29,trstprl,CZ,1,0,0,False,False,False,False,False,False,False
youth_18_29,trstprl,DE,2,1,1,True,True,False,False,False,False,False
youth_18_29,trstprl,ES,2,1,1,True,True,False,False,False,False,False
youth_18_29,trstprl,FR,2,1,0,True,False,False,False,False,False,False
youth_18_29,trstprl,GR,1,1,0,True,False,True,False,True,False,False
youth_18_29,trstprl,HR,2,0,0,False,False,False,False,False,False,False
youth_18_29,trstprl,HU,2,2,0,True,False,True,False,True,False,False
youth_18_29,trstprl,IL,1,0,0,False,False,False,False,False,False,False
youth_18_29,trstprl,IT,2,1,0,True,False,False,False,False,False,False
youth_18_29,trstprl,NL,2,1,0,True,False,True,False,False,False,False
youth_18_29,trstprl,NO,2,1,0,True,False,False,False,False,False,False
youth_18_29,trstprl,PL,2,1,1,True,True,False,False,False,False,False
youth_18_29,trstprl,SE,1,1,0,True,False,True,False,True,False,False
youth_18_29,stfdem,AT,2,1,1,True,True,True,False,False,False,False
youth_18_29,stfdem,BE,2,1,0,True,False,True,False,False,False,False
youth_18_29,stfdem,BG,1,0,0,False,False,False,False,False,False,False
youth_18_29,stfdem,CH,1,0,0,False,False,False,False,False,False,False
youth_18_29,stfdem,CZ,1,0,0,False,False,False,False,False,False,False
youth_18_29,stfdem,DE,2,1,1,True,True,False,False,False,False,False
youth_18_29,stfdem,ES,2,1,1,True,True,False,False,False,False,False
youth_18_29,stfdem,FR,2,1,0,True,False,False,False,False,False,False
youth_18_29,stfdem,GR,1,1,0,True,False,True,False,True,False,False
youth_18_29,stfdem,HR,2,0,0,False,False,False,False,False,False,False
youth_18_29,stfdem,HU,2,1,0,True,False,True,False,False,False,False
youth_18_29,stfdem,IL,1,0,0,False,False,False,False,False,False,False
youth_18_29,stfdem,IT,2,1,0,True,False,True,False,False,False,False
youth_18_29,stfdem,NL,2,1,0,True,False,False,False,False,False,False
youth_18_29,stfdem,NO,2,1,0,True,False,False,False,False,False,False
youth_18_29,stfdem,PL,2,1,1,True,True,True,False,False,False,False
youth_18_29,stfdem,SE,1,1,0,True,False,True,False,True,False,False
full_18plus,trstprl,AT,2,1,1,True,True,True,True,False,False,False
full_18plus,trstprl,BE,2,2,0,True,False,True,True,True,False,False
full_18plus,trstprl,BG,2,0,0,False,False,False,False,False,False,False
full_18plus,trstprl,CH,2,1,0,True,False,False,False,False,False,False
full_18plus,trstprl,CY,2,0,0,False,False,False,False,False,False,False
full_18plus,trstprl,CZ,1,0,0,False,False,False,False,False,False,False
full_18plus,trstprl,DE,2,1,1,True,True,True,False,False,False,False
full_18plus,trstprl,EE,2,1,1,True,True,True,True,False,False,False
full_18plus,trstprl,ES,2,1,1,True,True,False,False,False,False,False
full_18plus,trstprl,FI,2,0,0,False,False,False,False,False,False,False
full_18plus,trstprl,FR,2,1,1,True,True,False,False,False,False,False
full_18plus,trstprl,GB,2,1,1,True,True,True,True,False,False,False
full_18plus,trstprl,GR,1,1,1,True,True,True,True,True,True,True
full_18plus,trstprl,HR,2,1,0,True,False,False,False,False,False,False
full_18plus,trstprl,HU,2,1,0,True,False,True,False,False,False,False
full_18plus,trstprl,IE,2,0,0,False,False,False,False,False,False,False
full_18plus,trstprl,IL,1,0,0,False,False,False,False,False,False,False
full_18plus,trstprl,IS,2,1,1,True,True,False,False,False,False,False
full_18plus,trstprl,IT,2,0,0,False,False,False,False,False,False,False
full_18plus,trstprl,LT,2,0,0,False,False,False,False,False,False,False
full_18plus,trstprl,LV,2,1,0,True,False,True,False,False,False,False
full_18plus,trstprl,ME,2,1,0,True,False,False,False,False,False,False
full_18plus,trstprl,NL,2,2,1,True,True,True,True,True,False,False
full_18plus,trstprl,NO,2,1,1,True,True,True,False,False,False,False
full_18plus,trstprl,PL,2,1,1,True,True,False,False,False,False,False
full_18plus,trstprl,PT,2,1,0,True,False,False,False,False,False,False
full_18plus,trstprl,RS,2,0,0,False,False,False,False,False,False,False
full_18plus,trstprl,SE,2,1,1,True,True,False,False,False,False,False
full_18plus,trstprl,SI,2,0,0,False,False,False,False,False,False,False
full_18plus,trstprl,SK,2,1,0,True,False,False,False,False,False,False
full_18plus,stfdem,AT,2,1,1,True,True,True,True,False,False,False
full_18plus,stfdem,BE,2,1,0,True,False,True,True,False,False,False
full_18plus,stfdem,BG,2,0,0,False,False,False,False,False,False,False
full_18plus,stfdem,CH,2,1,0,True,False,False,False,False,False,False
full_18plus,stfdem,CY,2,1,0,True,False,False,False,False,False,False
full_18plus,stfdem,CZ,1,0,0,False,False,False,False,False,False,False
full_18plus,stfdem,DE,2,1,0,True,False,True,True,False,False,False
full_18plus,stfdem,EE,2,1,1,True,True,True,True,False,False,False
full_18plus,stfdem,ES,2,1,1,True,True,False,False,False,False,False
full_18plus,stfdem,FI,2,1,1,True,True,False,False,False,False,False
full_18plus,stfdem,FR,2,1,1,True,True,True,False,False,False,False
full_18plus,stfdem,GB,2,1,1,True,True,True,True,False,False,False
full_18plus,stfdem,GR,1,1,1,True,True,True,True,True,True,False
full_18plus,stfdem,HR,2,0,0,False,False,False,False,False,False,False
full_18plus,stfdem,HU,2,1,1,True,True,True,False,False,False,False
full_18plus,stfdem,IE,2,1,0,True,False,False,False,False,False,False
full_18plus,stfdem,IL,1,0,0,False,False,False,False,False,False,False
full_18plus,stfdem,IS,2,1,1,True,True,False,False,False,False,False
full_18plus,stfdem,IT,2,1,0,True,False,True,False,False,False,False
full_18plus,stfdem,LT,2,0,0,False,False,False,False,False,False,False
full_18plus,stfdem,LV,2,1,1,True,True,False,False,False,False,False
full_18plus,stfdem,ME,2,0,0,False,False,False,False,False,False,False
full_18plus,stfdem,NL,2,2,1,True,True,True,True,True,False,False
full_18plus,stfdem,NO,2,1,0,True,False,True,False,False,False,False
full_18plus,stfdem,PL,2,1,1,True,True,True,False,False,False,False
full_18plus,stfdem,PT,2,1,1,True,True,True,True,False,False,False
full_18plus,stfdem,RS,2,0,0,False,False,False,False,False,False,False
full_18plus,stfdem,SE,2,1,0,True,False,False,False,False,False,False
full_18plus,stfdem,SI,2,0,0,False,False,False,False,False,False,False
full_18plus,stfdem,SK,2,1,0,True,False,False,False,False,False,False
older_50plus,trstprl,AT,2,1,1,True,True,True,True,False,False,False
older_50plus,trstprl,BE,2,2,0,True,False,True,True,True,False,False
older_50plus,trstprl,BG,2,0,0,False,False,False,False,False,False,False
older_50plus,trstprl,CH,2,1,0,True,False,False,False,False,False,False
older_50plus,trstprl,CY,2,1,0,True,False,False,False,False,False,False
older_50plus,trstprl,CZ,1,0,0,False,False,False,False,False,False,False
older_50plus,trstprl,DE,2,1,1,True,True,True,True,False,False,False
older_50plus,trstprl,EE,2,2,1,True,True,True,True,True,False,False
older_50plus,trstprl,ES,2,1,0,True,False,False,False,False,False,False
older_50plus,trstprl,FI,2,0,0,False,False,False,False,False,False,False
older_50plus,trstprl,FR,2,1,1,True,True,False,False,False,False,False
older_50plus,trstprl,GB,2,1,1,True,True,True,True,False,False,False
older_50plus,trstprl,GR,1,1,1,True,True,True,True,True,True,True
older_50plus,trstprl,HR,2,1,1,True,True,False,False,False,False,False
older_50plus,trstprl,HU,2,1,0,True,False,False,False,False,False,False
older_50plus,trstprl,IE,2,0,0,False,False,False,False,False,False,False
older_50plus,trstprl,IL,1,0,0,False,False,False,False,False,False,False
older_50plus,trstprl,IS,2,0,0,False,False,False,False,False,False,False
older_50plus,trstprl,IT,2,0,0,False,False,False,False,False,False,False
older_50plus,trstprl,LT,2,1,0,True,False,False,False,False,False,False
older_50plus,trstprl,LV,2,1,1,True,True,True,True,False,False,False
older_50plus,trstprl,ME,2,0,0,False,False,False,False,False,False,False
older_50plus,trstprl,NL,2,2,1,True,True,True,True,True,False,False
older_50plus,trstprl,NO,2,1,0,True,False,True,False,False,False,False
older_50plus,trstprl,PL,2,1,1,True,True,False,False,False,False,False
older_50plus,trstprl,PT,2,1,0,True,False,False,False,False,False,False
older_50plus,trstprl,RS,2,0,0,False,False,False,False,False,False,False
older_50plus,trstprl,SE,2,1,0,True,False,False,False,False,False,False
older_50plus,trstprl,SI,2,0,0,False,False,False,False,False,False,False
older_50plus,trstprl,SK,2,1,0,True,False,False,False,False,False,False
older_50plus,stfdem,AT,2,1,1,True,True,True,True,False,False,False
older_50plus,stfdem,BE,2,1,1,True,True,True,True,False,False,False
older_50plus,stfdem,BG,2,0,0,False,False,False,False,False,False,False
older_50plus,stfdem,CH,2,1,0,True,False,True,False,False,False,False
older_50plus,stfdem,CY,2,1,0,True,False,False,False,False,False,False
older_50plus,stfdem,CZ,1,0,0,False,False,False,False,False,False,False
older_50plus,stfdem,DE,2,1,1,True,True,True,True,False,False,False
older_50plus,stfdem,EE,2,1,1,True,True,True,True,False,False,False
older_50plus,stfdem,ES,2,1,0,True,False,True,False,False,False,False
older_50plus,stfdem,FI,2,1,1,True,True,False,False,False,False,False
older_50plus,stfdem,FR,2,1,1,True,True,False,False,False,False,False
older_50plus,stfdem,GB,2,1,1,True,True,True,True,False,False,False
older_50plus,stfdem,GR,1,1,1,True,True,True,True,True,True,False
older_50plus,stfdem,HR,2,0,0,False,False,False,False,False,False,False
older_50plus,stfdem,HU,2,1,1,True,True,False,False,False,False,False
older_50plus,stfdem,IE,2,1,0,True,False,False,False,False,False,False
older_50plus,stfdem,IL,1,1,0,True,False,True,False,True,False,False
older_50plus,stfdem,IS,2,1,1,True,True,False,False,False,False,False
older_50plus,stfdem,IT,2,1,0,True,False,False,False,False,False,False
older_50plus,stfdem,LT,2,0,0,False,False,True,False,False,False,False
older_50plus,stfdem,LV,2,1,1,True,True,False,False,False,False,False
older_50plus,stfdem,ME,2,0,0,False,False,False,False,False,False,False
older_50plus,stfdem,NL,2,2,1,True,True,True,True,True,False,False
older_50plus,stfdem,NO,2,1,0,True,False,True,True,False,False,False
older_50plus,stfdem,PL,2,1,1,True,True,True,False,False,False,False
older_50plus,stfdem,PT,2,1,1,True,True,True,True,False,False,False
older_50plus,stfdem,RS,2,0,0,False,False,False,False,False,False,False
older_50plus,stfdem,SE,2,1,0,True,False,False,False,False,False,False
older_50plus,stfdem,SI,2,0,0,False,False,False,False,False,False,False
older_50plus,stfdem,SK,2,1,0,True,False,False,False,False,False,False
mid_30_49,trstprl,AT,2,1,1,True,True,True,False,False,False,False
mid_30_49,trstprl,BE,2,2,0,True,False,True,False,True,False,False
mid_30_49,trstprl,BG,2,0,0,False,False,False,False,False,False,False
mid_30_49,trstprl,CH,2,1,0,True,False,True,False,False,False,False
mid_30_49,trstprl,CY,1,0,0,False,False,False,False,False,False,False
mid_30_49,trstprl,CZ,1,0,0,False,False,False,False,False,False,False
mid_30_49,trstprl,DE,2,1,0,True,False,False,False,False,False,False
mid_30_49,trstprl,EE,2,1,1,True,True,False,False,False,False,False
mid_30_49,trstprl,ES,2,1,1,True,True,False,False,False,False,False
mid_30_49,trstprl,FI,2,1,0,True,False,False,False,False,False,False
mid_30_49,trstprl,FR,2,1,0,True,False,False,False,False,False,False
mid_30_49,trstprl,GB,2,2,0,True,False,True,True,True,False,False
mid_30_49,trstprl,GR,1,1,1,True,True,True,True,True,True,False
mid_30_49,trstprl,HR,2,1,0,True,False,False,False,False,False,False
mid_30_49,trstprl,HU,2,1,1,True,True,True,False,False,False,False
mid_30_49,trstprl,IE,2,0,0,False,False,False,False,False,False,False
mid_30_49,trstprl,IL,1,0,0,False,False,False,False,False,False,False
mid_30_49,trstprl,IS,2,1,1,True,True,False,False,False,False,False
mid_30_49,trstprl,IT,2,0,0,False,False,False,False,False,False,False
mid_30_49,trstprl,LT,2,0,0,False,False,False,False,False,False,False
mid_30_49,trstprl,LV,2,0,0,False,False,False,False,False,False,False
mid_30_49,trstprl,ME,2,1,0,True,False,False,False,False,False,False
mid_30_49,trstprl,NL,2,1,1,True,True,True,True,False,False,False
mid_30_49,trstprl,NO,2,1,0,True,False,True,False,False,False,False
mid_30_49,trstprl,PL,2,1,1,True,True,False,False,False,False,False
mid_30_49,trstprl,PT,2,1,0,True,False,False,False,False,False,False
mid_30_49,trstprl,RS,2,0,0,False,False,True,False,False,False,False
mid_30_49,trstprl,SE,2,1,0,True,False,False,False,False,False,False
mid_30_49,trstprl,SI,2,0,0,False,False,False,False,False,False,False
mid_30_49,trstprl,SK,2,0,0,False,False,False,False,False,False,False
mid_30_49,stfdem,AT,2,1,1,True,True,True,False,False,False,False
mid_30_49,stfdem,BE,2,0,0,False,False,True,False,False,False,False
mid_30_49,stfdem,BG,2,0,0,False,False,False,False,False,False,False
mid_30_49,stfdem,CH,2,0,0,False,False,False,False,False,False,False
mid_30_49,stfdem,CY,1,1,0,True,False,True,False,True,False,False
mid_30_49,stfdem,CZ,1,0,0,False,False,False,False,False,False,False
mid_30_49,stfdem,DE,2,1,1,True,True,True,True,False,False,False
mid_30_49,stfdem,EE,2,1,1,True,True,True,False,False,False,False
mid_30_49,stfdem,ES,2,1,0,True,False,False,False,False,False,False
mid_30_49,stfdem,FI,2,0,0,False,False,False,False,False,False,False
mid_30_49,stfdem,FR,2,1,1,True,True,True,False,False,False,False
mid_30_49,stfdem,GB,2,1,1,True,True,True,True,False,False,False
mid_30_49,stfdem,GR,1,1,0,True,False,True,False,True,False,False
mid_30_49,stfdem,HR,2,0,0,False,False,False,False,False,False,False
mid_30_49,stfdem,HU,2,1,1,True,True,True,False,False,False,False
mid_30_49,stfdem,IE,2,1,0,True,False,False,False,False,False,False
mid_30_49,stfdem,IL,1,0,0,False,False,False,False,False,False,False
mid_30_49,stfdem,IS,2,1,1,True,True,False,False,False,False,False
mid_30_49,stfdem,IT,2,2,0,True,False,True,False,True,False,False
mid_30_49,stfdem,LT,2,0,0,False,False,False,False,False,False,False
mid_30_49,stfdem,LV,2,0,0,False,False,False,False,False,False,False
mid_30_49,stfdem,ME,2,0,0,False,False,False,False,False,False,False
mid_30_49,stfdem,NL,2,1,0,True,False,True,True,False,False,False
mid_30_49,stfdem,NO,2,1,0,True,False,False,False,False,False,False
mid_30_49,stfdem,PL,2,1,1,True,True,False,False,False,False,False
mid_30_49,stfdem,PT,2,1,1,True,True,True,False,False,False,False
mid_30_49,stfdem,RS,2,2,0,True,False,True,True,True,False,False
mid_30_49,stfdem,SE,2,1,0,True,False,False,False,False,False,False
mid_30_49,stfdem,SI,2,1,0,True,False,False,False,False,False,False
mid_30_49,stfdem,SK,2,1,0,True,False,False,False,False,False,False
