cntry,essround,n,trstprl,stfdem,anweight,pspwght,dweight,psu,stratum,prob,n_psu,n_strata,sample
AL,6,1201,0.9725228975853455,0.9758534554537885,1.0,1.0,1.0,0.0,0.0,0.0,0,0,extended
AT,1,2257,0.9667700487372618,0.951262738147984,1.0,1.0,1.0,0.0,0.0,0.0,0,0,extended
AT,2,2256,0.9658687943262412,0.9512411347517731,0.0,1.0,1.0,0.0,0.0,0.0,0,0,extended
AT,3,2405,0.9505197505197506,0.9459459459459459,0.0,1.0,1.0,0.0,0.0,0.0,0,0,extended
AT,7,1795,0.9805013927576601,0.9844011142061281,1.0,1.0,1.0,0.0,0.0,0.0,0,0,extended
AT,8,2010,0.9865671641791045,0.9855721393034826,1.0,1.0,1.0,0.0,0.0,0.0,0,0,extended
AT,9,2499,0.9795918367346939,0.9823929571828731,1.0,1.0,1.0,1.0,1.0,1.0,2007,105,core
AT,10,2003,0.9920119820269596,0.9945082376435347,1.0,1.0,1.0,1.0,1.0,1.0,2003,118,core
AT,11,2354,0.9889549702633815,0.9842820730671198,1.0,1.0,1.0,1.0,1.0,1.0,845,115,core
BE,1,1899,0.9347024749868352,0.9515534491837809,1.0,1.0,1.0,0.0,0.0,0.0,0,0,extended
BE,2,1778,0.9791901012373453,0.9763779527559056,0.0,1.0,1.0,0.0,0.0,0.0,0,0,extended
BE,3,1798,0.9844271412680756,0.9877641824249166,0.0,1.0,1.0,0.0,0.0,0.0,0,0,extended
BE,4,1760,0.9886363636363636,0.9863636363636363,1.0,1.0,1.0,0.0,0.0,0.0,0,0,extended
BE,5,1704,0.9865023474178404,0.9900234741784038,1.0,1.0,1.0,0.0,0.0,0.0,0,0,extended
BE,6,1869,0.9925093632958801,0.9919743178170144,1.0,1.0,1.0,0.0,0.0,0.0,0,0,extended
BE,7,1769,0.9909553420011306,0.996608253250424,1.0,1.0,1.0,0.0,0.0,0.0,0,0,extended
BE,8,1766,0.9898074745186863,0.9949037372593431,1.0,1.0,1.0,0.0,0.0,0.0,0,0,extended
BE,9,1767,0.990945104697227,0.9864176570458404,1.0,1.0,1.0,1.0,1.0,1.0,273,11,core
BE,10,1341,0.9835943325876212,0.9895600298284862,1.0,1.0,1.0,1.0,1.0,1.0,713,83,core
BE,11,1594,0.9818067754077792,0.9849435382685069,1.0,1.0,1.0,1.0,1.0,1.0,628,54,core
BG,3,1400,0.9571428571428572,0.91,0.0,1.0,1.0,0.0,0.0,0.0,0,0,extended
BG,4,2230,0.9659192825112107,0.9192825112107623,1.0,1.0,1.0,0.0,0.0,0.0,0,0,extended
BG,5,2434,0.9622021364009861,0.9260476581758422,1.0,1.0,1.0,0.0,0.0,0.0,0,0,extended
BG,6,2260,0.9619469026548673,0.9473451327433628,1.0,1.0,1.0,0.0,0.0,0.0,0,0,extended
BG,9,2198,0.9654231119199272,0.8817106460418562,1.0,1.0,1.0,1.0,1.0,1.0,543,78,core
BG,10,2718,0.9900662251655629,0.9863870493009566,1.0,1.0,1.0,1.0,1.0,1.0,478,78,core
BG,11,2239,0.9897275569450648,0.9785618579723091,1.0,1.0,1.0,1.0,1.0,1.0,1292,29,core
CH,1,2040,0.9544117647058824,0.975,1.0,1.0,1.0,0.0,0.0,0.0,0,0,extended
CH,2,2141,0.9453526389537599,0.962634283045306,0.0,1.0,1.0,0.0,0.0,0.0,0,0,extended
CH,3,1804,0.9545454545454546,0.9783813747228381,0.0,1.0,1.0,0.0,0.0,0.0,0,0,extended
CH,4,1819,0.9318306761957119,0.9719626168224299,1.0,1.0,1.0,0.0,0.0,0.0,0,0,extended
CH,5,1506,0.950199203187251,0.9780876494023905,1.0,1.0,1.0,0.0,0.0,0.0,0,0,extended
CH,6,1493,0.941728064300067,0.9805760214333556,1.0,1.0,1.0,0.0,0.0,0.0,0,0,extended
CH,7,1532,0.9719321148825065,0.97911227154047,1.0,1.0,1.0,0.0,0.0,0.0,0,0,extended
CH,8,1525,0.9639344262295082,0.9704918032786886,1.0,1.0,1.0,0.0,0.0,0.0,0,0,extended
CH,9,1542,0.9422827496757458,0.9695201037613489,1.0,1.0,1.0,1.0,1.0,1.0,1542,7,core
CH,10,1523,0.9455022980958634,0.9783322390019698,1.0,1.0,1.0,1.0,1.0,1.0,1523,1,core
CH,11,1384,0.958092485549133,0.9689306358381503,1.0,1.0,1.0,1.0,1.0,1.0,1384,7,core
CY,3,995,0.9608040201005025,0.9447236180904522,0.0,1.0,1.0,0.0,0.0,0.0,0,0,extended
CY,4,1215,0.9604938271604938,0.9777777777777777,1.0,1.0,1.0,0.0,0.0,0.0,0,0,extended
CY,5,1083,0.938134810710988,0.9630655586334257,1.0,1.0,1.0,0.0,0.0,0.0,0,0,extended
CY,6,1116,0.956989247311828,0.9740143369175627,1.0,1.0,1.0,0.0,0.0,0.0,0,0,extended
CY,9,781,0.9846350832266325,0.9859154929577465,1.0,1.0,1.0,1.0,1.0,1.0,781,9,core
CY,10,875,0.9965714285714286,0.9942857142857143,1.0,1.0,1.0,1.0,1.0,1.0,655,9,core
CY,11,685,0.9868613138686131,0.9737226277372263,1.0,1.0,1.0,1.0,1.0,1.0,685,9,core
CZ,1,1360,0.9639705882352941,0.9551470588235295,1.0,1.0,1.0,0.0,0.0,0.0,0,0,extended
CZ,2,3026,0.9593522802379378,0.9451421017845341,0.0,1.0,1.0,0.0,0.0,0.0,0,0,extended
CZ,4,2018,0.9841427155599604,0.9762140733399405,1.0,1.0,1.0,0.0,0.0,0.0,0,0,extended
CZ,5,2386,0.9798826487845766,0.9752724224643755,1.0,1.0,1.0,0.0,0.0,0.0,0,0,extended
CZ,6,2009,0.9766052762568442,0.9736187157789945,1.0,1.0,1.0,0.0,0.0,0.0,0,0,extended
CZ,7,2148,0.9860335195530726,0.9837057728119181,1.0,1.0,1.0,0.0,0.0,0.0,0,0,extended
CZ,8,2269,0.9850154252974879,0.989863375936536,1.0,1.0,1.0,0.0,0.0,0.0,0,0,extended
CZ,9,2398,0.9699749791492911,0.9891576313594662,1.0,1.0,1.0,1.0,1.0,1.0,573,57,core
CZ,10,2476,0.9761712439418416,0.9737479806138933,1.0,1.0,1.0,1.0,1.0,1.0,567,57,core
DE,1,2919,0.9815005138746146,0.9914354230900994,1.0,1.0,1.0,0.0,0.0,0.0,0,0,extended
DE,2,2870,0.9738675958188153,0.9794425087108014,0.0,1.0,1.0,0.0,0.0,0.0,0,0,extended
DE,3,2916,0.9739368998628258,0.9794238683127572,0.0,1.0,1.0,0.0,0.0,0.0,0,0,extended
DE,4,2751,0.9818247909850963,0.9876408578698656,1.0,1.0,1.0,0.0,0.0,0.0,0,0,extended
DE,5,3031,0.9785549323655559,0.9871329594193335,1.0,1.0,1.0,0.0,0.0,0.0,0,0,extended
DE,6,2958,0.9858012170385395,0.9871534820824882,1.0,1.0,1.0,0.0,0.0,0.0,0,0,extended
DE,7,3045,0.9891625615763546,0.9917898193760263,1.0,1.0,1.0,0.0,0.0,0.0,0,0,extended
DE,8,2852,0.9856241234221599,0.9901823281907434,1.0,1.0,1.0,0.0,0.0,0.0,0,0,extended
DE,9,2358,0.9868532654792197,0.9843087362171332,1.0,1.0,1.0,1.0,1.0,1.0,178,89,core
DE,10,8725,0.980974212034384,0.98189111747851,1.0,1.0,1.0,1.0,1.0,1.0,179,89,core
DE,11,2420,0.9925619834710744,0.9913223140495868,1.0,1.0,1.0,1.0,1.0,1.0,500,25,core
DK,1,1506,0.9840637450199203,0.9741035856573705,1.0,1.0,1.0,0.0,0.0,0.0,0,0,extended
DK,2,1487,0.9838601210490922,0.9670477471418965,0.0,1.0,1.0,0.0,0.0,0.0,0,0,extended
DK,3,1505,0.986046511627907,0.9807308970099667,0.0,1.0,1.0,0.0,0.0,0.0,0,0,extended
DK,4,1610,0.9888198757763975,0.9869565217391304,1.0,1.0,1.0,0.0,0.0,0.0,0,0,extended
DK,5,1576,0.9822335025380711,0.9809644670050761,1.0,1.0,1.0,0.0,0.0,0.0,0,0,extended
DK,6,1650,0.9848484848484849,0.9793939393939394,1.0,1.0,1.0,0.0,0.0,0.0,0,0,extended
DK,7,1502,0.992676431424767,0.9860186418109188,1.0,1.0,1.0,0.0,0.0,0.0,0,0,extended
DK,9,1572,0.9923664122137404,0.9860050890585241,1.0,1.0,1.0,1.0,1.0,1.0,1572,1,core
EE,2,1989,0.9567621920563097,0.889894419306184,0.0,1.0,1.0,0.0,0.0,0.0,0,0,extended
EE,3,1517,0.938694792353329,0.8899143045484509,0.0,1.0,1.0,0.0,0.0,0.0,0,0,extended
EE,4,1661,0.9759181216134859,0.9211318482841662,1.0,1.0,1.0,0.0,0.0,0.0,0,0,extended
EE,5,1793,0.965978806469604,0.935861684327942,1.0,1.0,1.0,0.0,0.0,0.0,0,0,extended
EE,6,2380,0.9819327731092437,0.9495798319327731,1.0,1.0,1.0,0.0,0.0,0.0,0,0,extended
EE,7,2051,0.9882983910287665,0.9629449049244271,1.0,1.0,1.0,0.0,0.0,0.0,0,0,extended
EE,8,2019,0.9881129271916791,0.9643387815750372,1.0,1.0,1.0,0.0,0.0,0.0,0,0,extended
EE,9,1904,0.9926470588235294,0.9705882352941176,1.0,1.0,1.0,1.0,1.0,1.0,1904,10,core
EE,10,1542,0.9876783398184177,0.980544747081712,1.0,1.0,1.0,1.0,1.0,1.0,1542,10,core
EE,11,1293,0.982985305491106,0.9489559164733179,1.0,1.0,1.0,1.0,1.0,1.0,1293,10,core
ES,1,1729,0.9144013880855986,0.9224985540775015,1.0,1.0,1.0,0.0,0.0,0.0,0,0,extended
ES,2,1663,0.9380637402285027,0.9645219482862297,0.0,1.0,1.0,0.0,0.0,0.0,0,0,extended
ES,3,1876,0.9493603411513859,0.9594882729211087,0.0,1.0,1.0,0.0,0.0,0.0,0,0,extended
ES,4,2576,0.9149844720496895,0.9487577639751553,1.0,1.0,1.0,0.0,0.0,0.0,0,0,extended
ES,5,1885,0.9660477453580902,0.9745358090185676,1.0,1.0,1.0,0.0,0.0,0.0,0,0,extended
ES,6,1889,0.9539438856537851,0.9708840656431975,1.0,1.0,1.0,0.0,0.0,0.0,0,0,extended
ES,7,1925,0.9361038961038961,0.9683116883116883,1.0,1.0,1.0,0.0,0.0,0.0,0,0,extended
ES,8,1958,0.9468845760980592,0.966802860061287,1.0,1.0,1.0,0.0,0.0,0.0,0,0,extended
ES,9,1668,0.9490407673860911,0.9496402877697842,1.0,1.0,1.0,1.0,1.0,1.0,453,58,core
ES,10,2283,0.9829172141918529,0.9877354358300482,1.0,1.0,1.0,1.0,1.0,1.0,476,58,core
ES,11,1844,0.9734273318872018,0.9793926247288504,1.0,1.0,1.0,1.0,1.0,1.0,465,55,core
FI,1,2000,0.989,0.966,1.0,1.0,1.0,0.0,0.0,0.0,0,0,extended
FI,2,2022,0.9906033630069239,0.9638971315529179,0.0,1.0,1.0,0.0,0.0,0.0,0,0,extended
FI,3,1896,0.9931434599156118,0.9762658227848101,0.0,1.0,1.0,0.0,0.0,0.0,0,0,extended
FI,4,2195,0.9945330296127562,0.971753986332574,1.0,1.0,1.0,0.0,0.0,0.0,0,0,extended
FI,5,1878,0.9936102236421726,0.9739084132055378,1.0,1.0,1.0,0.0,0.0,0.0,0,0,extended
FI,6,2197,0.9959035047792444,0.9767865270823851,1.0,1.0,1.0,0.0,0.0,0.0,0,0,extended
FI,7,2087,0.9932918064206996,0.9712505989458553,1.0,1.0,1.0,0.0,0.0,0.0,0,0,extended
FI,8,1925,0.9984415584415585,0.9823376623376623,1.0,1.0,1.0,0.0,0.0,0.0,0,0,extended
FI,9,1755,0.9931623931623932,0.9737891737891737,1.0,1.0,1.0,1.0,1.0,1.0,1755,877,core
FI,10,1577,0.9980976537729866,0.9892200380469245,1.0,1.0,1.0,1.0,1.0,1.0,1577,788,core
FI,11,1563,0.9974408189379399,0.9833653230966091,1.0,1.0,1.0,1.0,1.0,1.0,1563,260,core
FR,1,1503,0.9813705921490352,0.9860279441117764,1.0,1.0,1.0,0.0,0.0,0.0,0,0,extended
FR,2,1806,0.9844961240310077,0.991140642303433,0.0,1.0,1.0,0.0,0.0,0.0,0,0,extended
FR,3,1986,0.9783484390735147,0.9919436052366566,0.0,1.0,1.0,0.0,0.0,0.0,0,0,extended
FR,4,2073,0.9831162566328991,0.984081041968162,1.0,1.0,1.0,0.0,0.0,0.0,0,0,extended
FR,5,1728,0.9872685185185185,0.9947916666666666,1.0,1.0,1.0,0.0,0.0,0.0,0,0,extended
FR,6,1968,0.9867886178861789,0.9857723577235772,1.0,1.0,1.0,0.0,0.0,0.0,0,0,extended
FR,7,1917,0.9827856025039123,0.9880020865936359,1.0,1.0,1.0,0.0,0.0,0.0,0,0,extended
FR,8,2070,0.9869565217391304,0.9830917874396136,1.0,1.0,1.0,0.0,0.0,0.0,0,0,extended
FR,9,2010,0.9701492537313433,0.9756218905472637,1.0,1.0,1.0,1.0,1.0,1.0,523,96,core
FR,10,1977,0.9686393525543753,0.9762266059686393,1.0,1.0,1.0,1.0,1.0,1.0,373,50,core
FR,11,1771,0.9751552795031055,0.9785431959345002,1.0,1.0,1.0,1.0,1.0,1.0,351,47,core
GB,1,2052,0.9878167641325536,0.9634502923976608,1.0,1.0,1.0,0.0,0.0,0.0,0,0,extended
GB,2,1897,0.9878755930416447,0.9541381128096995,0.0,1.0,1.0,0.0,0.0,0.0,0,0,extended
GB,3,2394,0.981203007518797,0.948203842940685,0.0,1.0,1.0,0.0,0.0,0.0,0,0,extended
GB,4,2352,0.9855442176870748,0.9600340136054422,1.0,1.0,1.0,0.0,0.0,0.0,0,0,extended
GB,5,2422,0.967795210569777,0.9236168455821635,1.0,1.0,1.0,0.0,0.0,0.0,0,0,extended
GB,6,2286,0.9706911636045494,0.9278215223097113,1.0,1.0,1.0,0.0,0.0,0.0,0,0,extended
GB,7,2264,0.9836572438162544,0.9637809187279152,1.0,1.0,1.0,0.0,0.0,0.0,0,0,extended
GB,8,1959,0.9897907095456866,0.9668198060234814,1.0,1.0,1.0,0.0,0.0,0.0,0,0,extended
GB,9,2204,0.9900181488203267,0.9668784029038112,1.0,1.0,1.0,1.0,1.0,1.0,385,192,core
GB,10,1149,0.9930374238468234,0.9817232375979112,1.0,1.0,1.0,1.0,1.0,1.0,332,166,core
GB,11,1684,0.9750593824228029,0.9376484560570071,1.0,1.0,1.0,1.0,1.0,1.0,382,4,core
GR,1,2566,0.9618082618862042,0.9734996102883866,1.0,1.0,1.0,0.0,0.0,0.0,0,0,extended
GR,2,2406,0.9817123857024106,0.9833748960931006,0.0,1.0,1.0,0.0,0.0,0.0,0,0,extended
GR,4,2072,0.9893822393822393,0.9903474903474904,1.0,1.0,1.0,0.0,0.0,0.0,0,0,extended
GR,5,2715,0.9896869244935543,0.9915285451197053,1.0,1.0,1.0,0.0,0.0,0.0,0,0,extended
GR,10,2799,0.9942836727402644,0.9946409431939979,1.0,1.0,1.0,1.0,1.0,1.0,201,25,core
GR,11,2757,0.9934711643090316,0.9854914762422924,1.0,1.0,1.0,1.0,1.0,1.0,1696,27,core
HR,4,1484,0.9757412398921833,0.9710242587601078,1.0,1.0,1.0,0.0,0.0,0.0,0,0,extended
HR,5,1649,0.976349302607641,0.947847180109157,1.0,1.0,1.0,0.0,0.0,0.0,0,0,extended
HR,9,1810,0.9911602209944751,0.9729281767955801,1.0,1.0,1.0,1.0,1.0,1.0,655,22,core
HR,10,1592,0.9780150753768844,0.9692211055276382,1.0,1.0,1.0,1.0,1.0,1.0,921,13,core
HR,11,1563,0.9756877799104287,0.9718490083173384,1.0,1.0,1.0,1.0,1.0,1.0,862,53,core
HU,1,1685,0.9655786350148368,0.9169139465875371,1.0,1.0,1.0,0.0,0.0,0.0,0,0,extended
HU,2,1498,0.9666221628838452,0.9312416555407209,0.0,1.0,1.0,0.0,0.0,0.0,0,0,extended
HU,3,1518,0.9578392621870883,0.9314888010540184,0.0,1.0,1.0,0.0,0.0,0.0,0,0,extended
HU,4,1544,0.9727979274611399,0.9300518134715026,1.0,1.0,1.0,0.0,0.0,0.0,0,0,extended
HU,5,1561,0.9737347853939782,0.9391415759128764,1.0,1.0,1.0,0.0,0.0,0.0,0,0,extended
HU,6,2014,0.9568023833167825,0.9463753723932473,1.0,1.0,1.0,0.0,0.0,0.0,0,0,extended
HU,7,1698,0.9758539458186102,0.934040047114252,1.0,1.0,1.0,0.0,0.0,0.0,0,0,extended
HU,8,1614,0.9702602230483272,0.9473358116480793,1.0,1.0,1.0,0.0,0.0,0.0,0,0,extended
HU,9,1661,0.9759181216134859,0.9518362432269717,1.0,1.0,1.0,1.0,1.0,1.0,880,132,core
HU,10,1849,0.9783666846944294,0.9680908599242833,1.0,1.0,1.0,1.0,1.0,1.0,1034,157,core
HU,11,2118,0.9834749763928234,0.9721435316336167,1.0,1.0,1.0,1.0,1.0,1.0,1040,143,core
IE,1,2046,0.9672531769305963,0.9193548387096774,1.0,1.0,1.0,0.0,0.0,0.0,0,0,extended
IE,2,2286,0.9763779527559056,0.9400699912510936,0.0,1.0,1.0,0.0,0.0,0.0,0,0,extended
IE,3,1800,0.955,0.9466666666666667,0.0,1.0,1.0,0.0,0.0,0.0,0,0,extended
IE,4,1764,0.9892290249433107,0.9722222222222222,1.0,1.0,1.0,0.0,0.0,0.0,0,0,extended
IE,5,2576,0.9545807453416149,0.9425465838509317,1.0,1.0,1.0,0.0,0.0,0.0,0,0,extended
IE,6,2628,0.9577625570776256,0.9550989345509894,1.0,1.0,1.0,0.0,0.0,0.0,0,0,extended
IE,7,2390,0.9589958158995816,0.9489539748953975,1.0,1.0,1.0,0.0,0.0,0.0,0,0,extended
IE,8,2757,0.9724338048603555,0.9517591585056221,1.0,1.0,1.0,0.0,0.0,0.0,0,0,extended
IE,9,2216,0.9598375451263538,0.9638989169675091,1.0,1.0,1.0,1.0,1.0,1.0,612,306,core
IE,10,1770,0.9474576271186441,0.9677966101694915,1.0,1.0,1.0,1.0,1.0,1.0,553,17,core
IE,11,2017,0.9593455627169063,0.9558750619732276,1.0,1.0,1.0,1.0,1.0,1.0,594,17,core
IL,1,2499,0.9719887955182073,0.9671868747499,1.0,1.0,1.0,0.0,0.0,0.0,0,0,extended
IL,4,2490,0.9562248995983936,0.9449799196787149,1.0,1.0,1.0,0.0,0.0,0.0,0,0,extended
IL,5,2294,0.9629468177855275,0.9476896251089799,1.0,1.0,1.0,0.0,0.0,0.0,0,0,extended
IL,6,2508,0.9657097288676236,0.9728867623604466,1.0,1.0,1.0,0.0,0.0,0.0,0,0,extended
IL,7,2562,0.9789227166276346,0.9664324746291959,1.0,1.0,1.0,0.0,0.0,0.0,0,0,extended
IL,8,2557,0.9816190848650762,0.9648025029331248,1.0,1.0,1.0,0.0,0.0,0.0,0,0,extended
IL,10,1308,0.9870030581039755,0.9755351681957186,1.0,1.0,1.0,1.0,1.0,1.0,229,13,core
IL,11,906,0.9624724061810155,0.9470198675496688,1.0,1.0,1.0,1.0,1.0,1.0,906,10,core
IS,2,579,0.9723661485319517,0.9430051813471503,0.0,1.0,1.0,0.0,0.0,0.0,0,0,extended
IS,6,752,0.976063829787234,0.9654255319148937,1.0,1.0,1.0,0.0,0.0,0.0,0,0,extended
IS,8,880,0.9954545454545455,0.975,1.0,1.0,1.0,0.0,0.0,0.0,0,0,extended
IS,9,861,0.9883855981416957,0.9721254355400697,1.0,1.0,1.0,1.0,1.0,1.0,695,347,core
IS,10,903,0.9889258028792912,0.973421926910299,1.0,1.0,1.0,1.0,1.0,1.0,744,372,core
IS,11,842,0.9904988123515439,0.9774346793349169,1.0,1.0,1.0,1.0,1.0,1.0,750,48,core
IT,1,1207,0.9569179784589892,0.9353769676884839,1.0,1.0,1.0,0.0,0.0,0.0,0,0,extended
IT,6,960,0.990625,0.9770833333333333,1.0,1.0,1.0,0.0,0.0,0.0,0,0,extended
IT,8,2626,0.9767707539984768,0.9531607006854531,1.0,1.0,1.0,0.0,0.0,0.0,0,0,extended
IT,9,2745,0.9675774134790528,0.9537340619307833,1.0,1.0,1.0,1.0,1.0,1.0,529,28,core
IT,10,2640,0.9890151515151515,0.9799242424242425,1.0,1.0,1.0,1.0,1.0,1.0,439,31,core
IT,11,2865,0.9804537521815009,0.963001745200698,1.0,1.0,1.0,1.0,1.0,1.0,398,30,core
LT,5,1677,0.9701848539057841,0.9194991055456172,1.0,1.0,1.0,0.0,0.0,0.0,0,0,extended
LT,6,2109,0.9706021811284969,0.9487908961593172,1.0,1.0,1.0,0.0,0.0,0.0,0,0,extended
LT,7,2250,0.9844444444444445,0.9551111111111111,1.0,1.0,1.0,0.0,0.0,0.0,0,0,extended
LT,8,2122,0.9816211121583411,0.9646559849198869,1.0,1.0,1.0,0.0,0.0,0.0,0,0,extended
LT,9,1835,0.9858310626702997,0.943324250681199,1.0,1.0,1.0,1.0,1.0,1.0,1068,17,core
LT,10,1659,0.9897528631705846,0.9391199517781796,1.0,1.0,1.0,1.0,1.0,1.0,1176,17,core
LT,11,1365,0.991941391941392,0.9487179487179487,1.0,1.0,1.0,1.0,1.0,1.0,924,17,core
LU,1,1552,0.8376288659793815,0.8962628865979382,1.0,1.0,1.0,0.0,0.0,0.0,0,0,extended
LU,2,1635,0.890519877675841,0.9192660550458716,0.0,1.0,1.0,0.0,0.0,0.0,0,0,extended
LV,4,1980,0.9873737373737373,0.9525252525252526,1.0,1.0,1.0,0.0,0.0,0.0,0,0,extended
LV,9,918,0.9662309368191722,0.8812636165577342,1.0,1.0,1.0,1.0,1.0,1.0,404,16,core
LV,10,1023,0.9941348973607038,0.9814271749755621,1.0,1.0,1.0,1.0,1.0,1.0,1023,14,core
LV,11,1252,0.9760383386581469,0.9225239616613419,1.0,1.0,1.0,1.0,1.0,1.0,277,16,core
ME,9,1200,0.97,0.9691666666666666,1.0,1.0,1.0,1.0,1.0,1.0,275,8,core
ME,10,1278,0.9710485133020345,0.9859154929577465,1.0,1.0,1.0,1.0,1.0,1.0,372,8,core
ME,11,1609,0.966438781852082,0.9763828464885022,1.0,1.0,1.0,1.0,1.0,1.0,394,8,core
MK,10,1429,0.9874037788663401,0.9790062981105668,1.0,1.0,1.0,1.0,1.0,1.0,170,16,core
NL,1,2364,0.9839255499153976,0.9801184433164128,1.0,1.0,1.0,0.0,0.0,0.0,0,0,extended
NL,2,1881,0.9909622541201488,0.9696969696969697,0.0,1.0,1.0,0.0,0.0,0.0,0,0,extended
NL,3,1889,0.9851773425092641,0.9703546850185283,0.0,1.0,1.0,0.0,0.0,0.0,0,0,extended
NL,4,1778,0.9904386951631046,0.9786276715410573,1.0,1.0,1.0,0.0,0.0,0.0,0,0,extended
NL,5,1829,0.9852378348824494,0.9814106068890104,1.0,1.0,1.0,0.0,0.0,0.0,0,0,extended
NL,6,1845,0.9886178861788618,0.978319783197832,1.0,1.0,1.0,0.0,0.0,0.0,0,0,extended
NL,7,1919,0.9916623241271496,0.9781136008337676,1.0,1.0,1.0,0.0,0.0,0.0,0,0,extended
NL,8,1681,0.9886972040452112,0.9773944080904223,1.0,1.0,1.0,0.0,0.0,0.0,0,0,extended
NL,9,1673,0.9784817692767483,0.9736999402271369,1.0,1.0,1.0,1.0,1.0,1.0,1673,48,core
NL,10,1470,0.9897959183673469,0.9857142857142858,1.0,1.0,1.0,1.0,1.0,1.0,1470,48,core
NL,11,1695,0.9882005899705014,0.9746312684365782,1.0,1.0,1.0,1.0,1.0,1.0,1695,48,core
NO,1,2036,0.9970530451866405,0.9887033398821218,1.0,1.0,1.0,0.0,0.0,0.0,0,0,extended
NO,2,1760,0.99375,0.9892045454545455,0.0,1.0,1.0,0.0,0.0,0.0,0,0,extended
NO,3,1750,0.996,0.988,0.0,1.0,1.0,0.0,0.0,0.0,0,0,extended
NO,4,1549,0.9922530664945126,0.986442866365397,1.0,1.0,1.0,0.0,0.0,0.0,0,0,extended
NO,5,1548,0.9935400516795866,0.9864341085271318,1.0,1.0,1.0,0.0,0.0,0.0,0,0,extended
NO,6,1624,0.9883004926108374,0.9913793103448276,1.0,1.0,1.0,0.0,0.0,0.0,0,0,extended
NO,7,1436,0.995125348189415,0.9874651810584958,1.0,1.0,1.0,0.0,0.0,0.0,0,0,extended
NO,8,1545,0.9967637540453075,0.9902912621359223,1.0,1.0,1.0,0.0,0.0,0.0,0,0,extended
NO,9,1406,0.9957325746799431,0.9921763869132291,1.0,1.0,1.0,1.0,1.0,1.0,1406,42,core
NO,10,1411,0.997165131112686,0.9964564138908576,1.0,1.0,1.0,1.0,1.0,1.0,1411,36,core
NO,11,1337,0.9955123410620793,0.9955123410620793,1.0,1.0,1.0,1.0,1.0,1.0,1337,36,core
PL,1,2110,0.956872037914692,0.9360189573459715,1.0,1.0,1.0,0.0,0.0,0.0,0,0,extended
PL,2,1716,0.9790209790209791,0.9434731934731935,0.0,1.0,1.0,0.0,0.0,0.0,0,0,extended
PL,3,1721,0.9750145264381174,0.9389889599070308,0.0,1.0,1.0,0.0,0.0,0.0,0,0,extended
PL,4,1619,0.964793082149475,0.9351451513279803,1.0,1.0,1.0,0.0,0.0,0.0,0,0,extended
PL,5,1751,0.9645916619074815,0.9503141062250143,1.0,1.0,1.0,0.0,0.0,0.0,0,0,extended
PL,6,1898,0.9741833508956796,0.9494204425711275,1.0,1.0,1.0,0.0,0.0,0.0,0,0,extended
PL,7,1615,0.9702786377708978,0.9417956656346749,1.0,1.0,1.0,0.0,0.0,0.0,0,0,extended
PL,8,1694,0.9710743801652892,0.9403778040141676,1.0,1.0,1.0,0.0,0.0,0.0,0,0,extended
PL,9,1500,0.9706666666666667,0.9486666666666667,1.0,1.0,1.0,1.0,1.0,1.0,833,154,core
PL,10,2065,0.9825665859564164,0.9806295399515739,1.0,1.0,1.0,1.0,1.0,1.0,1644,156,core
PL,11,1442,0.9729542302357836,0.949375866851595,1.0,1.0,1.0,1.0,1.0,1.0,804,146,core
PT,1,1511,0.928524156187955,0.9086697551290536,1.0,1.0,1.0,0.0,0.0,0.0,0,0,extended
PT,2,2052,0.9605263157894737,0.9498050682261209,0.0,1.0,1.0,0.0,0.0,0.0,0,0,extended
PT,3,2222,0.9266426642664266,0.9239423942394239,0.0,1.0,1.0,0.0,0.0,0.0,0,0,extended
PT,4,2367,0.9383185466835657,0.9336713138994508,1.0,1.0,1.0,0.0,0.0,0.0,0,0,extended
PT,5,2150,0.9572093023255814,0.947906976744186,1.0,1.0,1.0,0.0,0.0,0.0,0,0,extended
PT,6,2151,0.9823337982333799,0.9702463970246397,1.0,1.0,1.0,0.0,0.0,0.0,0,0,extended
PT,7,1265,0.9699604743083003,0.9588932806324111,1.0,1.0,1.0,0.0,0.0,0.0,0,0,extended
PT,8,1270,0.9795275590551181,0.962992125984252,1.0,1.0,1.0,0.0,0.0,0.0,0,0,extended
PT,9,1055,0.9639810426540284,0.9658767772511848,1.0,1.0,1.0,1.0,1.0,1.0,683,110,core
PT,10,1838,0.9635473340587595,0.9390642002176278,1.0,1.0,1.0,1.0,1.0,1.0,1035,118,core
PT,11,1373,0.9737800436999272,0.956300072833212,1.0,1.0,1.0,1.0,1.0,1.0,874,120,core
RO,4,2146,0.9622553588070829,0.9324324324324325,1.0,1.0,1.0,0.0,0.0,0.0,0,0,extended
RS,9,2043,0.9642682329907,0.9118942731277533,1.0,1.0,1.0,1.0,1.0,1.0,663,8,core
RS,10,1505,0.9813953488372092,0.9787375415282392,1.0,1.0,1.0,1.0,1.0,1.0,1505,8,core
RS,11,1563,0.9315419065898912,0.8861164427383237,1.0,1.0,1.0,1.0,1.0,1.0,625,8,core
RU,3,2437,0.9302421009437833,0.8235535494460402,0.0,1.0,1.0,0.0,0.0,0.0,0,0,extended
RU,4,2512,0.9398885350318471,0.8320063694267515,1.0,1.0,1.0,0.0,0.0,0.0,0,0,extended
RU,5,2595,0.9344894026974951,0.8816955684007707,1.0,1.0,1.0,0.0,0.0,0.0,0,0,extended
RU,6,2484,0.9456521739130435,0.9106280193236715,1.0,1.0,1.0,0.0,0.0,0.0,0,0,extended
RU,8,2430,0.9572016460905349,0.8839506172839506,1.0,1.0,1.0,0.0,0.0,0.0,0,0,extended
SE,1,1999,0.9804902451225613,0.959479739869935,1.0,1.0,1.0,0.0,0.0,0.0,0,0,extended
SE,2,1948,0.9794661190965093,0.9645790554414785,0.0,1.0,1.0,0.0,0.0,0.0,0,0,extended
SE,3,1927,0.9750908147379346,0.9667877529839128,0.0,1.0,1.0,0.0,0.0,0.0,0,0,extended
SE,4,1830,0.9825136612021858,0.9759562841530055,1.0,1.0,1.0,0.0,0.0,0.0,0,0,extended
SE,5,1497,0.9792919171676687,0.9746158984635939,1.0,1.0,1.0,0.0,0.0,0.0,0,0,extended
SE,6,1847,0.9783432593394694,0.9810503519220357,1.0,1.0,1.0,0.0,0.0,0.0,0,0,extended
SE,7,1791,0.9826912339475153,0.9804578447794529,1.0,1.0,1.0,0.0,0.0,0.0,0,0,extended
SE,8,1551,0.9877498388136686,0.9787234042553191,1.0,1.0,1.0,0.0,0.0,0.0,0,0,extended
SE,9,1539,0.9915529564652371,0.98635477582846,1.0,1.0,1.0,1.0,1.0,1.0,1539,8,core
SE,10,2287,0.9903804110188019,0.9925666812418015,1.0,1.0,1.0,1.0,1.0,1.0,2287,8,core
SE,11,1230,0.9943089430894309,0.9821138211382113,1.0,1.0,1.0,1.0,1.0,1.0,1230,8,core
SI,1,1519,0.9598420013166556,0.9585253456221198,1.0,1.0,1.0,0.0,0.0,0.0,0,0,extended
SI,2,1442,0.9618585298196949,0.9410540915395285,0.0,1.0,1.0,0.0,0.0,0.0,0,0,extended
SI,3,1476,0.9512195121951219,0.9336043360433605,0.0,1.0,1.0,0.0,0.0,0.0,0,0,extended
SI,4,1286,0.9665629860031104,0.9533437013996889,1.0,1.0,1.0,0.0,0.0,0.0,0,0,extended
SI,5,1403,0.9558089807555239,0.9536707056307911,1.0,1.0,1.0,0.0,0.0,0.0,0,0,extended
SI,6,1257,0.9657915672235481,0.9626093874303898,1.0,1.0,1.0,0.0,0.0,0.0,0,0,extended
SI,7,1224,0.9656862745098039,0.940359477124183,1.0,1.0,1.0,0.0,0.0,0.0,0,0,extended
SI,8,1307,0.9824024483550114,0.9678653404743688,1.0,1.0,1.0,0.0,0.0,0.0,0,0,extended
SI,9,1318,0.9742033383915023,0.9552352048558422,1.0,1.0,1.0,1.0,1.0,1.0,300,47,core
SI,10,1252,0.981629392971246,0.9720447284345048,1.0,1.0,1.0,1.0,1.0,1.0,297,45,core
SI,11,1248,0.9815705128205128,0.9551282051282052,1.0,1.0,1.0,1.0,1.0,1.0,334,45,core
SK,2,1512,0.9623015873015873,0.9490740740740741,0.0,1.0,1.0,0.0,0.0,0.0,0,0,extended
SK,3,1766,0.9773499433748585,0.9637599093997735,0.0,1.0,1.0,0.0,0.0,0.0,0,0,extended
SK,4,1810,0.9823204419889503,0.9773480662983426,1.0,1.0,1.0,0.0,0.0,0.0,0,0,extended
SK,5,1856,0.9811422413793104,0.9671336206896551,1.0,1.0,1.0,0.0,0.0,0.0,0,0,extended
SK,6,1847,0.9886302111532215,0.9821331889550623,1.0,1.0,1.0,0.0,0.0,0.0,0,0,extended
SK,9,1083,0.989843028624192,0.9879963065558633,1.0,1.0,1.0,1.0,1.0,1.0,231,31,core
SK,10,1418,0.9851904090267983,0.9844851904090268,1.0,1.0,1.0,1.0,1.0,1.0,309,31,core
SK,11,1442,0.9930651872399445,0.9798890429958391,1.0,1.0,1.0,1.0,1.0,1.0,427,38,core
TR,2,1856,0.9525862068965517,0.8636853448275862,0.0,1.0,1.0,0.0,0.0,0.0,0,0,extended
TR,4,2416,0.9768211920529801,0.9432947019867549,1.0,1.0,1.0,0.0,0.0,0.0,0,0,extended
UA,2,2031,0.9448547513540128,0.8370260955194485,0.0,1.0,1.0,0.0,0.0,0.0,0,0,extended
UA,3,2002,0.9615384615384616,0.8611388611388612,0.0,1.0,1.0,0.0,0.0,0.0,0,0,extended
UA,4,1845,0.9691056910569106,0.8617886178861789,1.0,1.0,1.0,0.0,0.0,0.0,0,0,extended
UA,5,1931,0.9621957534955982,0.8539616778871051,1.0,1.0,1.0,0.0,0.0,0.0,0,0,extended
UA,6,2178,0.9655647382920111,0.8999081726354453,1.0,1.0,1.0,0.0,0.0,0.0,0,0,extended
UA,11,2661,0.9774520856820744,0.9278466741826381,1.0,1.0,1.0,1.0,1.0,1.0,233,41,core
XK,6,1295,0.972972972972973,0.9328185328185328,1.0,1.0,1.0,0.0,0.0,0.0,0,0,extended
