outcome,estimand,target,cal_countries,order_index,attainable,traj_len,target_score,critical,covered,mean_width
trstprl,A_curve,AT,34,32,0.914,1,1.083,3.188,1,0.327
trstprl,A_curve,BE,34,32,0.914,1,0.401,3.183,1,0.328
trstprl,A_curve,BG,34,32,0.914,1,1.005,3.184,1,0.328
trstprl,A_curve,CH,34,32,0.914,1,0.739,3.183,1,0.328
trstprl,A_curve,CY,34,32,0.914,1,1.431,3.187,1,0.327
trstprl,A_curve,CZ,34,32,0.914,1,2.416,3.178,1,0.321
trstprl,A_curve,DE,34,32,0.914,1,1.109,3.189,1,0.327
trstprl,A_curve,DK,34,32,0.914,1,0.748,3.178,1,0.327
trstprl,A_curve,EE,34,32,0.914,1,1.377,3.198,1,0.323
trstprl,A_curve,ES,34,32,0.914,1,1.458,3.203,1,0.326
trstprl,A_curve,FI,34,32,0.914,1,0.633,3.185,1,0.329
trstprl,A_curve,FR,34,32,0.914,1,1.128,3.199,1,0.325
trstprl,A_curve,GB,34,32,0.914,1,1.405,3.196,1,0.325
trstprl,A_curve,GR,34,32,0.914,1,3.218,3.192,0,0.303
trstprl,A_curve,HR,34,32,0.914,1,0.639,3.184,1,0.328
trstprl,A_curve,HU,34,32,0.914,1,1.411,3.26,1,0.332
trstprl,A_curve,IE,34,32,0.914,1,0.684,3.18,1,0.328
trstprl,A_curve,IL,34,32,0.914,1,1.164,3.201,1,0.328
trstprl,A_curve,IS,34,32,0.914,1,2.138,3.193,1,0.322
trstprl,A_curve,IT,34,32,0.914,1,0.495,3.179,1,0.328
trstprl,A_curve,LT,34,32,0.914,1,0.66,3.179,1,0.328
trstprl,A_curve,LU,34,32,0.914,1,1.038,3.178,1,0.328
trstprl,A_curve,LV,34,32,0.914,1,0.931,3.181,1,0.328
trstprl,A_curve,ME,34,32,0.914,1,2.007,3.219,1,0.329
trstprl,A_curve,NL,34,32,0.914,1,1.193,3.201,1,0.327
trstprl,A_curve,NO,34,32,0.914,1,2.671,3.194,1,0.324
trstprl,A_curve,PL,34,32,0.914,1,3.706,2.963,0,0.283
trstprl,A_curve,PT,34,32,0.914,1,0.68,3.185,1,0.328
trstprl,A_curve,RS,34,32,0.914,1,3.671,2.748,0,0.279
trstprl,A_curve,RU,34,32,0.914,1,2.068,3.321,1,0.328
trstprl,A_curve,SE,34,32,0.914,1,2.047,3.184,1,0.322
trstprl,A_curve,SI,34,32,0.914,1,0.814,3.194,1,0.329
trstprl,A_curve,SK,34,32,0.914,1,1.676,3.231,1,0.326
trstprl,A_curve,TR,34,32,0.914,1,3.98,2.766,0,0.28
trstprl,A_curve,UA,34,32,0.914,1,1.392,3.182,1,0.325
trstprl,B_traj_L4,AT,29,27,0.9,4,1.564,3.835,1,0.431
trstprl,B_traj_L4,BE,29,27,0.9,4,0.815,3.827,1,0.434
trstprl,B_traj_L4,BG,29,27,0.9,4,2.37,3.816,1,0.43
trstprl,B_traj_L4,CH,29,27,0.9,4,1.127,3.823,1,0.434
trstprl,B_traj_L4,CY,29,27,0.9,4,2.401,3.849,1,0.426
trstprl,B_traj_L4,CZ,29,27,0.9,4,2.168,3.866,1,0.433
trstprl,B_traj_L4,DE,29,27,0.9,4,1.092,3.815,1,0.432
trstprl,B_traj_L4,DK,29,27,0.9,4,3.43,4.02,1,0.451
trstprl,B_traj_L4,EE,29,27,0.9,4,1.519,3.848,1,0.434
trstprl,B_traj_L4,ES,29,27,0.9,4,3.348,3.809,1,0.429
trstprl,B_traj_L4,FI,29,27,0.9,4,4.058,3.462,0,0.389
trstprl,B_traj_L4,FR,29,27,0.9,4,1.298,3.822,1,0.431
trstprl,B_traj_L4,GB,29,27,0.9,4,1.136,3.827,1,0.431
trstprl,B_traj_L4,GR,29,27,0.9,4,7.32,3.376,0,0.324
trstprl,B_traj_L4,HR,29,27,0.9,4,2.535,3.835,1,0.426
trstprl,B_traj_L4,HU,29,27,0.9,4,2.265,3.834,1,0.433
trstprl,B_traj_L4,IE,29,27,0.9,4,1.612,3.855,1,0.435
trstprl,B_traj_L4,IL,29,27,0.9,4,2.068,3.816,1,0.43
trstprl,B_traj_L4,IS,29,27,0.9,4,4.423,3.543,0,0.391
trstprl,B_traj_L4,IT,29,27,0.9,4,2.179,3.829,1,0.429
trstprl,B_traj_L4,LT,29,27,0.9,4,1.539,3.834,1,0.43
trstprl,B_traj_L4,NL,29,27,0.9,4,1.639,3.837,1,0.433
trstprl,B_traj_L4,NO,29,27,0.9,4,3.403,3.867,1,0.436
trstprl,B_traj_L4,PL,29,27,0.9,4,2.48,3.873,1,0.423
trstprl,B_traj_L4,PT,29,27,0.9,4,1.641,3.819,1,0.43
trstprl,B_traj_L4,RU,29,27,0.9,4,3.104,3.857,1,0.431
trstprl,B_traj_L4,SE,29,27,0.9,4,2.131,3.945,1,0.442
trstprl,B_traj_L4,SI,29,27,0.9,4,1.679,3.801,1,0.429
trstprl,B_traj_L4,SK,29,27,0.9,4,2.973,3.905,1,0.437
trstprl,B_traj_L4,UA,29,27,0.9,4,2.023,3.818,1,0.427
trstprl,B_traj_L4_per_slot,AT,29,27,0.9,4,2.196,3.33,1,0.368
trstprl,B_traj_L4_per_slot,BE,29,27,0.9,4,0.908,3.319,1,0.37
trstprl,B_traj_L4_per_slot,BG,29,27,0.9,4,2.288,3.335,1,0.369
trstprl,B_traj_L4_per_slot,CH,29,27,0.9,4,0.922,3.332,1,0.372
trstprl,B_traj_L4_per_slot,CY,29,27,0.9,4,2.516,3.316,1,0.36
trstprl,B_traj_L4_per_slot,CZ,29,27,0.9,4,2.447,3.32,1,0.365
trstprl,B_traj_L4_per_slot,DE,29,27,0.9,4,1.169,3.322,1,0.369
trstprl,B_traj_L4_per_slot,DK,29,27,0.9,4,4.283,3.242,0,0.357
trstprl,B_traj_L4_per_slot,EE,29,27,0.9,4,1.4,3.318,1,0.368
trstprl,B_traj_L4_per_slot,ES,29,27,0.9,4,3.892,3.32,0,0.368
trstprl,B_traj_L4_per_slot,FI,29,27,0.9,4,3.723,3.383,0,0.375
trstprl,B_traj_L4_per_slot,FR,29,27,0.9,4,1.218,3.321,1,0.369
trstprl,B_traj_L4_per_slot,GB,29,27,0.9,4,1.495,3.339,1,0.369
trstprl,B_traj_L4_per_slot,GR,29,27,0.9,4,7.852,3.348,0,0.312
trstprl,B_traj_L4_per_slot,HR,29,27,0.9,4,2.052,3.333,1,0.364
trstprl,B_traj_L4_per_slot,HU,29,27,0.9,4,1.961,3.337,1,0.37
trstprl,B_traj_L4_per_slot,IE,29,27,0.9,4,1.67,3.352,1,0.372
trstprl,B_traj_L4_per_slot,IL,29,27,0.9,4,1.743,3.333,1,0.369
trstprl,B_traj_L4_per_slot,IS,29,27,0.9,4,3.973,3.406,0,0.371
trstprl,B_traj_L4_per_slot,IT,29,27,0.9,4,3.038,3.335,1,0.366
trstprl,B_traj_L4_per_slot,LT,29,27,0.9,4,1.747,3.343,1,0.368
trstprl,B_traj_L4_per_slot,NL,29,27,0.9,4,1.952,3.325,1,0.369
trstprl,B_traj_L4_per_slot,NO,29,27,0.9,4,3.442,3.355,0,0.372
trstprl,B_traj_L4_per_slot,PL,29,27,0.9,4,3.709,3.362,0,0.359
trstprl,B_traj_L4_per_slot,PT,29,27,0.9,4,1.783,3.327,1,0.368
trstprl,B_traj_L4_per_slot,RU,29,27,0.9,4,2.801,3.397,1,0.372
trstprl,B_traj_L4_per_slot,SE,29,27,0.9,4,3.01,3.434,1,0.378
trstprl,B_traj_L4_per_slot,SI,29,27,0.9,4,1.87,3.317,1,0.368
trstprl,B_traj_L4_per_slot,SK,29,27,0.9,4,3.638,3.454,0,0.379
trstprl,B_traj_L4_per_slot,UA,29,27,0.9,4,2.517,3.326,1,0.366
trstprl,S_allround,AT,34,32,0.914,7,1.447,4.98,1,0.586
trstprl,S_allround,BE,34,32,0.914,10,1.573,4.955,1,0.587
trstprl,S_allround,BG,34,32,0.914,6,2.465,4.96,1,0.582
trstprl,S_allround,CH,34,32,0.914,10,1.502,4.956,1,0.588
trstprl,S_allround,CY,34,32,0.914,6,2.704,5.081,1,0.589
trstprl,S_allround,CZ,34,32,0.914,8,1.94,4.977,1,0.584
trstprl,S_allround,DE,34,32,0.914,10,1.347,4.945,1,0.586
trstprl,S_allround,DK,34,32,0.914,7,2.996,5.051,1,0.595
trstprl,S_allround,EE,34,32,0.914,9,1.264,4.96,1,0.584
trstprl,S_allround,ES,34,32,0.914,10,2.639,5.008,1,0.588
trstprl,S_allround,FI,34,32,0.914,10,3.569,5.134,1,0.604
trstprl,S_allround,FR,34,32,0.914,10,1.198,4.925,1,0.584
trstprl,S_allround,GB,34,32,0.914,10,1.474,4.95,1,0.586
trstprl,S_allround,GR,34,32,0.914,5,6.634,4.987,0,0.549
trstprl,S_allround,HR,34,32,0.914,4,2.629,4.99,1,0.581
trstprl,S_allround,HU,34,32,0.914,10,3.496,5.132,1,0.587
trstprl,S_allround,IE,34,32,0.914,10,2.087,4.976,1,0.586
trstprl,S_allround,IL,34,32,0.914,7,2.544,5.027,1,0.589
trstprl,S_allround,IS,34,32,0.914,5,5.443,5.032,0,0.573
trstprl,S_allround,IT,34,32,0.914,5,3.776,4.996,1,0.572
trstprl,S_allround,LT,34,32,0.914,6,2.549,4.977,1,0.581
trstprl,S_allround,LU,34,32,0.914,1,1.199,5.005,1,0.585
trstprl,S_allround,LV,34,32,0.914,3,3.622,5.001,1,0.578
trstprl,S_allround,ME,34,32,0.914,2,2.182,5.026,1,0.587
trstprl,S_allround,NL,34,32,0.914,10,2.037,4.949,1,0.584
trstprl,S_allround,NO,34,32,0.914,10,2.966,5.045,1,0.595
trstprl,S_allround,PL,34,32,0.914,10,3.218,4.967,1,0.573
trstprl,S_allround,PT,34,32,0.914,10,1.671,4.95,1,0.581
trstprl,S_allround,RS,34,32,0.914,2,6.016,5.021,0,0.585
trstprl,S_allround,RU,34,32,0.914,4,2.524,5.028,1,0.587
trstprl,S_allround,SE,34,32,0.914,10,2.525,5.166,1,0.607
trstprl,S_allround,SI,34,32,0.914,10,2.893,4.936,1,0.577
trstprl,S_allround,SK,34,32,0.914,7,2.39,5.021,1,0.584
trstprl,S_allround,TR,34,32,0.914,1,5.241,5.037,0,0.587
trstprl,S_allround,UA,34,32,0.914,5,4.457,5.063,1,0.576
trstprl,S_allround_fixed_s,AT,34,32,0.914,7,1.456,5.015,1,0.585
trstprl,S_allround_fixed_s,BE,34,32,0.914,10,1.582,5.015,1,0.585
trstprl,S_allround_fixed_s,BG,34,32,0.914,6,2.435,5.015,1,0.585
trstprl,S_allround_fixed_s,CH,34,32,0.914,10,1.52,5.015,1,0.585
trstprl,S_allround_fixed_s,CY,34,32,0.914,6,2.673,5.015,1,0.585
trstprl,S_allround_fixed_s,CZ,34,32,0.914,8,1.955,5.015,1,0.585
trstprl,S_allround_fixed_s,DE,34,32,0.914,10,1.364,5.015,1,0.585
trstprl,S_allround_fixed_s,DK,34,32,0.914,7,2.974,5.015,1,0.585
trstprl,S_allround_fixed_s,EE,34,32,0.914,9,1.271,5.015,1,0.585
trstprl,S_allround_fixed_s,ES,34,32,0.914,10,2.629,5.015,1,0.585
trstprl,S_allround_fixed_s,FI,34,32,0.914,10,3.486,5.015,1,0.585
trstprl,S_allround_fixed_s,FR,34,32,0.914,10,1.215,5.015,1,0.585
trstprl,S_allround_fixed_s,GB,34,32,0.914,10,1.491,5.015,1,0.585
trstprl,S_allround_fixed_s,GR,34,32,0.914,5,5.9,4.988,0,0.582
trstprl,S_allround_fixed_s,HR,34,32,0.914,4,2.597,5.015,1,0.585
trstprl,S_allround_fixed_s,HU,34,32,0.914,10,3.398,5.015,1,0.585
trstprl,S_allround_fixed_s,IE,34,32,0.914,10,2.094,5.015,1,0.585
trstprl,S_allround_fixed_s,IL,34,32,0.914,7,2.527,5.015,1,0.585
trstprl,S_allround_fixed_s,IS,34,32,0.914,5,5.015,4.988,0,0.582
trstprl,S_allround_fixed_s,IT,34,32,0.914,5,3.674,5.015,1,0.585
trstprl,S_allround_fixed_s,LT,34,32,0.914,6,2.525,5.015,1,0.585
trstprl,S_allround_fixed_s,LU,34,32,0.914,1,1.198,5.015,1,0.585
trstprl,S_allround_fixed_s,LV,34,32,0.914,3,3.547,5.015,1,0.585
trstprl,S_allround_fixed_s,ME,34,32,0.914,2,2.163,5.015,1,0.585
trstprl,S_allround_fixed_s,NL,34,32,0.914,10,2.031,5.015,1,0.585
trstprl,S_allround_fixed_s,NO,34,32,0.914,10,2.873,5.015,1,0.585
trstprl,S_allround_fixed_s,PL,34,32,0.914,10,3.125,5.015,1,0.585
trstprl,S_allround_fixed_s,PT,34,32,0.914,10,1.669,5.015,1,0.585
trstprl,S_allround_fixed_s,RS,34,32,0.914,2,5.385,4.988,0,0.582
trstprl,S_allround_fixed_s,RU,34,32,0.914,4,2.504,5.015,1,0.585
trstprl,S_allround_fixed_s,SE,34,32,0.914,10,2.451,5.015,1,0.585
trstprl,S_allround_fixed_s,SI,34,32,0.914,10,2.877,5.015,1,0.585
trstprl,S_allround_fixed_s,SK,34,32,0.914,7,2.38,5.015,1,0.585
trstprl,S_allround_fixed_s,TR,34,32,0.914,1,4.988,5.015,1,0.585
trstprl,S_allround_fixed_s,UA,34,32,0.914,5,4.276,5.015,1,0.585
stfdem,A_curve,AT,34,32,0.914,1,1.285,2.911,1,0.355
stfdem,A_curve,BE,34,32,0.914,1,0.756,2.923,1,0.361
stfdem,A_curve,BG,34,32,0.914,1,0.617,2.927,1,0.362
stfdem,A_curve,CH,34,32,0.914,1,0.621,2.976,1,0.368
stfdem,A_curve,CY,34,32,0.914,1,1.175,2.916,1,0.358
stfdem,A_curve,CZ,34,32,0.914,1,0.665,2.958,1,0.364
stfdem,A_curve,DE,34,32,0.914,1,1.78,2.956,1,0.366
stfdem,A_curve,DK,34,32,0.914,1,1.569,3.001,1,0.368
stfdem,A_curve,EE,34,32,0.914,1,1.395,2.906,1,0.355
stfdem,A_curve,ES,34,32,0.914,1,1.839,2.962,1,0.365
stfdem,A_curve,FI,34,32,0.914,1,3.077,2.906,0,0.355
stfdem,A_curve,FR,34,32,0.914,1,2.062,2.91,1,0.349
stfdem,A_curve,GB,34,32,0.914,1,1.656,2.907,1,0.353
stfdem,A_curve,GR,34,32,0.914,1,2.074,2.917,1,0.352
stfdem,A_curve,HR,34,32,0.914,1,0.835,2.955,1,0.363
stfdem,A_curve,HU,34,32,0.914,1,1.516,2.927,1,0.358
stfdem,A_curve,IE,34,32,0.914,1,1.258,2.911,1,0.359
stfdem,A_curve,IL,34,32,0.914,1,1.047,2.906,1,0.36
stfdem,A_curve,IS,34,32,0.914,1,2.194,2.91,1,0.355
stfdem,A_curve,IT,34,32,0.914,1,0.631,2.911,1,0.36
stfdem,A_curve,LT,34,32,0.914,1,2.5,3.041,1,0.373
stfdem,A_curve,LU,34,32,0.914,1,3.148,2.909,0,0.359
stfdem,A_curve,LV,34,32,0.914,1,1.674,2.953,1,0.358
stfdem,A_curve,ME,34,32,0.914,1,1.248,2.909,1,0.357
stfdem,A_curve,NL,34,32,0.914,1,0.619,2.92,1,0.361
stfdem,A_curve,NO,34,32,0.914,1,2.273,2.944,1,0.362
stfdem,A_curve,PL,34,32,0.914,1,4.168,2.91,0,0.316
stfdem,A_curve,PT,34,32,0.914,1,2.003,2.906,1,0.349
stfdem,A_curve,RS,34,32,0.914,1,1.927,2.97,1,0.365
stfdem,A_curve,RU,34,32,0.914,1,1.387,2.967,1,0.362
stfdem,A_curve,SE,34,32,0.914,1,0.861,2.912,1,0.357
stfdem,A_curve,SI,34,32,0.914,1,1.262,2.931,1,0.355
stfdem,A_curve,SK,34,32,0.914,1,1.241,2.998,1,0.364
stfdem,A_curve,TR,34,32,0.914,1,4.125,3.065,0,0.368
stfdem,A_curve,UA,34,32,0.914,1,3.141,2.996,0,0.364
stfdem,B_traj_L4,AT,29,27,0.9,4,2.35,3.54,1,0.444
stfdem,B_traj_L4,BE,29,27,0.9,4,0.724,3.507,1,0.449
stfdem,B_traj_L4,BG,29,27,0.9,4,0.964,3.511,1,0.449
stfdem,B_traj_L4,CH,29,27,0.9,4,1.486,3.505,1,0.449
stfdem,B_traj_L4,CY,29,27,0.9,4,2.288,3.576,1,0.449
stfdem,B_traj_L4,CZ,29,27,0.9,4,1.625,3.507,1,0.448
stfdem,B_traj_L4,DE,29,27,0.9,4,2.157,3.509,1,0.449
stfdem,B_traj_L4,DK,29,27,0.9,4,2.41,3.506,1,0.446
stfdem,B_traj_L4,EE,29,27,0.9,4,1.336,3.53,1,0.449
stfdem,B_traj_L4,ES,29,27,0.9,4,2.371,3.524,1,0.45
stfdem,B_traj_L4,FI,29,27,0.9,4,4.898,3.025,0,0.379
stfdem,B_traj_L4,FR,29,27,0.9,4,1.944,3.553,1,0.447
stfdem,B_traj_L4,GB,29,27,0.9,4,1.57,3.55,1,0.451
stfdem,B_traj_L4,GR,29,27,0.9,4,5.297,3.415,0,0.384
stfdem,B_traj_L4,HR,29,27,0.9,4,1.57,3.562,1,0.452
stfdem,B_traj_L4,HU,29,27,0.9,4,1.695,3.542,1,0.447
stfdem,B_traj_L4,IE,29,27,0.9,4,2.034,3.517,1,0.446
stfdem,B_traj_L4,IL,29,27,0.9,4,1.922,3.566,1,0.448
stfdem,B_traj_L4,IS,29,27,0.9,4,1.847,3.521,1,0.446
stfdem,B_traj_L4,IT,29,27,0.9,4,2.283,3.571,1,0.45
stfdem,B_traj_L4,LT,29,27,0.9,4,3.043,3.508,1,0.446
stfdem,B_traj_L4,NL,29,27,0.9,4,0.774,3.511,1,0.449
stfdem,B_traj_L4,NO,29,27,0.9,4,2.677,3.507,1,0.446
stfdem,B_traj_L4,PL,29,27,0.9,4,3.949,3.37,0,0.399
stfdem,B_traj_L4,PT,29,27,0.9,4,2.522,3.622,1,0.45
stfdem,B_traj_L4,RU,29,27,0.9,4,1.373,3.527,1,0.45
stfdem,B_traj_L4,SE,29,27,0.9,4,1.936,3.515,1,0.448
stfdem,B_traj_L4,SI,29,27,0.9,4,2.247,3.601,1,0.454
stfdem,B_traj_L4,SK,29,27,0.9,4,1.93,3.532,1,0.446
stfdem,B_traj_L4,UA,29,27,0.9,4,3.406,3.808,1,0.478
stfdem,B_traj_L4_per_slot,AT,29,27,0.9,4,2.931,3.386,1,0.41
stfdem,B_traj_L4_per_slot,BE,29,27,0.9,4,0.749,3.375,1,0.42
stfdem,B_traj_L4_per_slot,BG,29,27,0.9,4,1.065,3.38,1,0.42
stfdem,B_traj_L4_per_slot,CH,29,27,0.9,4,1.568,3.373,1,0.42
stfdem,B_traj_L4_per_slot,CY,29,27,0.9,4,3.129,3.444,1,0.419
stfdem,B_traj_L4_per_slot,CZ,29,27,0.9,4,2.106,3.373,1,0.418
stfdem,B_traj_L4_per_slot,DE,29,27,0.9,4,2.378,3.376,1,0.42
stfdem,B_traj_L4_per_slot,DK,29,27,0.9,4,3.005,3.373,1,0.415
stfdem,B_traj_L4_per_slot,EE,29,27,0.9,4,1.371,3.442,1,0.427
stfdem,B_traj_L4_per_slot,ES,29,27,0.9,4,2.463,3.401,1,0.422
stfdem,B_traj_L4_per_slot,FI,29,27,0.9,4,5.136,3.135,0,0.384
stfdem,B_traj_L4_per_slot,FR,29,27,0.9,4,2.004,3.464,1,0.425
stfdem,B_traj_L4_per_slot,GB,29,27,0.9,4,1.668,3.533,1,0.436
stfdem,B_traj_L4_per_slot,GR,29,27,0.9,4,5.492,3.928,0,0.425
stfdem,B_traj_L4_per_slot,HR,29,27,0.9,4,1.44,3.409,1,0.42
stfdem,B_traj_L4_per_slot,HU,29,27,0.9,4,1.843,3.435,1,0.423
stfdem,B_traj_L4_per_slot,IE,29,27,0.9,4,1.994,3.373,1,0.417
stfdem,B_traj_L4_per_slot,IL,29,27,0.9,4,1.961,3.374,1,0.411
stfdem,B_traj_L4_per_slot,IS,29,27,0.9,4,2.183,3.391,1,0.419
stfdem,B_traj_L4_per_slot,IT,29,27,0.9,4,3.254,3.436,1,0.419
stfdem,B_traj_L4_per_slot,LT,29,27,0.9,4,3.482,3.376,0,0.418
stfdem,B_traj_L4_per_slot,NL,29,27,0.9,4,0.851,3.373,1,0.419
stfdem,B_traj_L4_per_slot,NO,29,27,0.9,4,2.466,3.374,1,0.418
stfdem,B_traj_L4_per_slot,PL,29,27,0.9,4,4.39,3.607,0,0.41
stfdem,B_traj_L4_per_slot,PT,29,27,0.9,4,2.752,3.521,1,0.426
stfdem,B_traj_L4_per_slot,RU,29,27,0.9,4,1.385,3.418,1,0.423
stfdem,B_traj_L4_per_slot,SE,29,27,0.9,4,2.363,3.387,1,0.419
stfdem,B_traj_L4_per_slot,SI,29,27,0.9,4,2.638,3.445,1,0.42
stfdem,B_traj_L4_per_slot,SK,29,27,0.9,4,2.098,3.43,1,0.419
stfdem,B_traj_L4_per_slot,UA,29,27,0.9,4,3.865,3.869,1,0.47
stfdem,S_allround,AT,34,32,0.914,7,2.516,4.065,1,0.491
stfdem,S_allround,BE,34,32,0.914,10,1.588,4.011,1,0.492
stfdem,S_allround,BG,34,32,0.914,6,2.693,4.041,1,0.492
stfdem,S_allround,CH,34,32,0.914,10,2.733,4.111,1,0.505
stfdem,S_allround,CY,34,32,0.914,6,3.193,4.203,1,0.507
stfdem,S_allround,CZ,34,32,0.914,8,1.517,4.045,1,0.496
stfdem,S_allround,DE,34,32,0.914,10,2.019,4.06,1,0.498
stfdem,S_allround,DK,34,32,0.914,7,2.682,4.146,1,0.506
stfdem,S_allround,EE,34,32,0.914,9,1.361,4.012,1,0.491
stfdem,S_allround,ES,34,32,0.914,10,2.275,4.087,1,0.497
stfdem,S_allround,FI,34,32,0.914,10,5.259,3.949,0,0.475
stfdem,S_allround,FR,34,32,0.914,10,1.998,4.022,1,0.487
stfdem,S_allround,GB,34,32,0.914,10,1.634,3.999,1,0.489
stfdem,S_allround,GR,34,32,0.914,5,5.22,4.122,0,0.472
stfdem,S_allround,HR,34,32,0.914,4,1.608,4.052,1,0.491
stfdem,S_allround,HU,34,32,0.914,10,4.174,4.051,0,0.483
stfdem,S_allround,IE,34,32,0.914,10,3.038,4.13,1,0.495
stfdem,S_allround,IL,34,32,0.914,7,1.983,4.042,1,0.49
stfdem,S_allround,IS,34,32,0.914,5,1.992,4.062,1,0.493
stfdem,S_allround,IT,34,32,0.914,5,2.498,4.066,1,0.49
stfdem,S_allround,LT,34,32,0.914,6,3.829,4.135,1,0.496
stfdem,S_allround,LU,34,32,0.914,1,3.382,4.157,1,0.503
stfdem,S_allround,LV,34,32,0.914,3,2.096,4.075,1,0.491
stfdem,S_allround,ME,34,32,0.914,2,1.518,4.068,1,0.493
stfdem,S_allround,NL,34,32,0.914,10,1.075,3.995,1,0.491
stfdem,S_allround,NO,34,32,0.914,10,3.044,4.182,1,0.512
stfdem,S_allround,PL,34,32,0.914,10,4.076,4.237,1,0.499
stfdem,S_allround,PT,34,32,0.914,10,3.477,4.039,1,0.479
stfdem,S_allround,RS,34,32,0.914,2,3.766,4.211,1,0.51
stfdem,S_allround,RU,34,32,0.914,4,1.402,4.045,1,0.492
stfdem,S_allround,SE,34,32,0.914,10,1.811,4.053,1,0.497
stfdem,S_allround,SI,34,32,0.914,10,3.536,4.059,1,0.486
stfdem,S_allround,SK,34,32,0.914,7,2.082,4.068,1,0.491
stfdem,S_allround,TR,34,32,0.914,1,4.207,4.049,0,0.488
stfdem,S_allround,UA,34,32,0.914,5,3.689,4.288,1,0.515
stfdem,S_allround_fixed_s,AT,34,32,0.914,7,2.476,4.073,1,0.493
stfdem,S_allround_fixed_s,BE,34,32,0.914,10,1.6,4.073,1,0.493
stfdem,S_allround_fixed_s,BG,34,32,0.914,6,2.683,4.073,1,0.493
stfdem,S_allround_fixed_s,CH,34,32,0.914,10,2.707,4.073,1,0.493
stfdem,S_allround_fixed_s,CY,34,32,0.914,6,3.095,4.073,1,0.493
stfdem,S_allround_fixed_s,CZ,34,32,0.914,8,1.527,4.073,1,0.493
stfdem,S_allround_fixed_s,DE,34,32,0.914,10,2.04,4.073,1,0.493
stfdem,S_allround_fixed_s,DK,34,32,0.914,7,2.638,4.073,1,0.493
stfdem,S_allround_fixed_s,EE,34,32,0.914,9,1.372,4.073,1,0.493
stfdem,S_allround_fixed_s,ES,34,32,0.914,10,2.286,4.073,1,0.493
stfdem,S_allround_fixed_s,FI,34,32,0.914,10,4.925,4.029,0,0.487
stfdem,S_allround_fixed_s,FR,34,32,0.914,10,1.987,4.073,1,0.493
stfdem,S_allround_fixed_s,GB,34,32,0.914,10,1.651,4.073,1,0.493
stfdem,S_allround_fixed_s,GR,34,32,0.914,5,4.841,4.029,0,0.487
stfdem,S_allround_fixed_s,HR,34,32,0.914,4,1.611,4.073,1,0.493
stfdem,S_allround_fixed_s,HU,34,32,0.914,10,4.029,4.073,1,0.493
stfdem,S_allround_fixed_s,IE,34,32,0.914,10,2.965,4.073,1,0.493
stfdem,S_allround_fixed_s,IL,34,32,0.914,7,1.981,4.073,1,0.493
stfdem,S_allround_fixed_s,IS,34,32,0.914,5,1.973,4.073,1,0.493
stfdem,S_allround_fixed_s,IT,34,32,0.914,5,2.475,4.073,1,0.493
stfdem,S_allround_fixed_s,LT,34,32,0.914,6,3.739,4.073,1,0.493
stfdem,S_allround_fixed_s,LU,34,32,0.914,1,3.314,4.073,1,0.493
stfdem,S_allround_fixed_s,LV,34,32,0.914,3,2.083,4.073,1,0.493
stfdem,S_allround_fixed_s,ME,34,32,0.914,2,1.517,4.073,1,0.493
stfdem,S_allround_fixed_s,NL,34,32,0.914,10,1.09,4.073,1,0.493
stfdem,S_allround_fixed_s,NO,34,32,0.914,10,2.964,4.073,1,0.493
stfdem,S_allround_fixed_s,PL,34,32,0.914,10,3.876,4.073,1,0.493
stfdem,S_allround_fixed_s,PT,34,32,0.914,10,3.324,4.073,1,0.493
stfdem,S_allround_fixed_s,RS,34,32,0.914,2,3.643,4.073,1,0.493
stfdem,S_allround_fixed_s,RU,34,32,0.914,4,1.405,4.073,1,0.493
stfdem,S_allround_fixed_s,SE,34,32,0.914,10,1.82,4.073,1,0.493
stfdem,S_allround_fixed_s,SI,34,32,0.914,10,3.435,4.073,1,0.493
stfdem,S_allround_fixed_s,SK,34,32,0.914,7,2.074,4.073,1,0.493
stfdem,S_allround_fixed_s,TR,34,32,0.914,1,4.073,4.029,0,0.487
stfdem,S_allround_fixed_s,UA,34,32,0.914,5,3.466,4.073,1,0.493
