min_n,essround,cntry,n_regions,K_train,branch,cov_selected,cov_pcb_anchor
100,9,AT,8,163,PCB,0.875,0.875
100,9,BE,8,163,PCB,1.0,1.0
100,9,BG,4,167,PCB,1.0,1.0
100,9,CH,6,165,PCB,1.0,1.0
100,9,CZ,13,158,conservative,0.9231,0.6923
100,9,DE,7,164,PCB,1.0,1.0
100,9,DK,5,166,PCB,1.0,1.0
100,9,EE,5,166,PCB,1.0,1.0
100,9,ES,5,166,PCB,0.8,0.8
100,9,FI,4,167,PCB,1.0,1.0
100,9,FR,7,164,PCB,1.0,1.0
100,9,GB,10,161,PCB,1.0,1.0
100,9,HR,7,164,PCB,1.0,0.8571
100,9,HU,6,165,conservative,0.6667,0.5
100,9,IE,8,163,PCB,1.0,1.0
100,9,IS,2,169,PCB,1.0,1.0
100,9,IT,5,166,PCB,1.0,1.0
100,9,LT,9,162,conservative,0.8889,0.8889
100,9,LV,6,165,PCB,0.6667,0.6667
100,9,NL,7,164,PCB,1.0,1.0
100,9,NO,6,165,PCB,1.0,1.0
100,9,PL,7,164,PCB,0.8571,0.5714
100,9,PT,4,167,PCB,1.0,1.0
100,9,RS,4,167,PCB,1.0,1.0
100,9,SE,7,164,PCB,1.0,1.0
100,9,SI,5,166,PCB,1.0,1.0
100,9,SK,6,165,PCB,0.8333,0.8333
100,10,AT,7,179,conservative,1.0,1.0
100,10,BE,5,181,conservative,1.0,1.0
100,10,BG,9,177,conservative,0.7778,0.5556
100,10,CH,6,180,conservative,1.0,1.0
100,10,CZ,13,173,conservative,1.0,0.9231
100,10,DE,13,173,conservative,1.0,0.9231
100,10,EE,5,181,conservative,1.0,1.0
100,10,ES,7,179,conservative,1.0,1.0
100,10,FI,4,182,conservative,1.0,1.0
100,10,FR,8,178,conservative,1.0,1.0
100,10,GB,6,180,conservative,1.0,1.0
100,10,GR,8,178,conservative,0.625,0.5
100,10,HR,5,181,conservative,1.0,1.0
100,10,HU,5,181,conservative,1.0,0.8
100,10,IE,8,178,conservative,1.0,0.875
100,10,IS,2,184,conservative,1.0,1.0
100,10,IT,5,181,conservative,1.0,0.8
100,10,LT,7,179,conservative,1.0,0.8571
100,10,LV,6,180,conservative,1.0,1.0
100,10,MK,8,178,PCB,1.0,0.75
100,10,NL,6,180,conservative,1.0,1.0
100,10,NO,5,181,conservative,1.0,1.0
100,10,PL,10,176,conservative,1.0,1.0
100,10,PT,5,181,conservative,1.0,1.0
100,10,RS,4,182,conservative,1.0,1.0
100,10,SE,7,179,conservative,1.0,1.0
100,10,SI,4,182,conservative,1.0,1.0
100,10,SK,8,178,conservative,1.0,0.75
100,11,AT,8,154,PCB,1.0,1.0
100,11,BE,8,154,PCB,1.0,1.0
100,11,BG,6,156,PCB,0.1667,0.1667
100,11,CH,6,156,PCB,1.0,1.0
100,11,DE,7,155,PCB,1.0,1.0
100,11,EE,4,158,PCB,1.0,1.0
100,11,ES,6,156,PCB,1.0,1.0
100,11,FI,3,159,PCB,1.0,1.0
100,11,FR,5,157,PCB,1.0,1.0
100,11,GB,9,153,PCB,1.0,1.0
100,11,GR,8,154,PCB,0.625,0.375
100,11,HR,5,157,PCB,1.0,1.0
100,11,HU,8,154,PCB,0.875,0.875
100,11,IE,8,154,PCB,1.0,1.0
100,11,IS,2,160,PCB,1.0,1.0
100,11,IT,5,157,PCB,0.8,0.8
100,11,LT,5,157,PCB,1.0,1.0
100,11,LV,6,156,PCB,1.0,1.0
100,11,NL,7,155,PCB,1.0,1.0
100,11,NO,5,157,PCB,1.0,1.0
100,11,PL,5,157,PCB,1.0,1.0
100,11,PT,3,159,PCB,1.0,0.6667
100,11,RS,4,158,PCB,1.0,1.0
100,11,SE,7,155,PCB,1.0,1.0
100,11,SI,4,158,PCB,1.0,1.0
100,11,SK,7,155,PCB,0.8571,0.8571
100,11,UA,11,151,PCB,0.8182,0.8182
80,9,AT,9,187,conservative,1.0,0.8889
80,9,BE,9,187,conservative,1.0,1.0
80,9,BG,11,185,conservative,1.0,0.7273
80,9,CH,6,190,conservative,1.0,1.0
80,9,CZ,13,183,conservative,0.9231,0.7692
80,9,DE,8,188,conservative,1.0,1.0
80,9,DK,5,191,conservative,1.0,1.0
80,9,EE,5,191,conservative,1.0,1.0
80,9,ES,8,188,conservative,1.0,0.875
80,9,FI,7,189,conservative,1.0,1.0
80,9,FR,9,187,conservative,1.0,1.0
80,9,GB,11,185,conservative,1.0,1.0
80,9,HR,8,188,conservative,1.0,1.0
80,9,HU,8,188,conservative,0.75,0.375
80,9,IE,8,188,conservative,1.0,1.0
80,9,IS,2,194,conservative,1.0,1.0
80,9,IT,5,191,conservative,1.0,1.0
80,9,LT,10,186,conservative,0.9,0.8
80,9,LV,6,190,conservative,1.0,0.6667
80,9,NL,7,189,conservative,1.0,1.0
80,9,NO,7,189,conservative,1.0,1.0
80,9,PL,7,189,conservative,1.0,0.8571
80,9,PT,4,192,conservative,1.0,1.0
80,9,RS,4,192,conservative,1.0,1.0
80,9,SE,7,189,conservative,1.0,1.0
80,9,SI,5,191,conservative,1.0,1.0
80,9,SK,7,189,conservative,1.0,0.8571
80,10,AT,8,203,conservative,1.0,1.0
80,10,BE,8,203,conservative,1.0,0.875
80,10,BG,12,199,conservative,0.8333,0.6667
80,10,CH,6,205,conservative,1.0,1.0
80,10,CZ,13,198,conservative,1.0,0.9231
80,10,DE,13,198,conservative,1.0,0.9231
80,10,EE,5,206,conservative,1.0,1.0
80,10,ES,8,203,conservative,1.0,1.0
80,10,FI,4,207,conservative,1.0,1.0
80,10,FR,9,202,conservative,1.0,1.0
80,10,GB,9,202,conservative,1.0,1.0
80,10,GR,10,201,conservative,0.7,0.6
80,10,HR,6,205,conservative,1.0,1.0
80,10,HU,9,202,conservative,0.8889,0.5556
80,10,IE,8,203,conservative,1.0,0.875
80,10,IS,2,209,conservative,1.0,1.0
80,10,IT,5,206,conservative,1.0,1.0
80,10,LT,8,203,conservative,1.0,0.875
80,10,LV,6,205,conservative,1.0,1.0
80,10,MK,8,203,conservative,1.0,0.75
80,10,NL,6,205,conservative,1.0,1.0
80,10,NO,6,205,conservative,1.0,1.0
80,10,PL,12,199,conservative,1.0,1.0
80,10,PT,5,206,conservative,1.0,1.0
80,10,RS,4,207,conservative,1.0,1.0
80,10,SE,8,203,conservative,1.0,1.0
80,10,SI,5,206,conservative,1.0,1.0
80,10,SK,8,203,conservative,1.0,0.75
80,11,AT,9,187,PCB,1.0,1.0
80,11,BE,8,188,PCB,1.0,1.0
80,11,BG,10,186,conservative,0.6,0.1
80,11,CH,6,190,PCB,1.0,1.0
80,11,DE,9,187,PCB,1.0,1.0
80,11,EE,5,191,PCB,1.0,1.0
80,11,ES,8,188,PCB,1.0,1.0
80,11,FI,4,192,PCB,1.0,1.0
80,11,FR,9,187,PCB,1.0,1.0
80,11,GB,9,187,PCB,1.0,1.0
80,11,GR,8,188,PCB,0.75,0.5
80,11,HR,6,190,PCB,1.0,1.0
80,11,HU,10,186,PCB,0.9,0.9
80,11,IE,8,188,PCB,1.0,1.0
80,11,IS,2,194,PCB,1.0,1.0
80,11,IT,5,191,PCB,0.8,0.8
80,11,LT,6,190,PCB,1.0,1.0
80,11,LV,6,190,PCB,1.0,1.0
80,11,NL,7,189,PCB,1.0,1.0
80,11,NO,6,190,PCB,1.0,1.0
80,11,PL,9,187,PCB,0.8889,0.8889
80,11,PT,4,192,PCB,0.75,0.75
80,11,RS,4,192,PCB,1.0,1.0
80,11,SE,7,189,PCB,1.0,1.0
80,11,SI,6,190,PCB,1.0,1.0
80,11,SK,8,188,PCB,0.75,0.75
80,11,UA,17,179,PCB,0.9412,0.8824
60,9,AT,9,219,deconvolution,1.0,1.0
60,9,BE,10,218,deconvolution,1.0,1.0
60,9,BG,13,215,conservative,1.0,0.6923
60,9,CH,6,222,deconvolution,1.0,1.0
60,9,CZ,14,214,conservative,0.9286,0.7857
60,9,DE,11,217,deconvolution,1.0,1.0
60,9,DK,5,223,deconvolution,1.0,1.0
60,9,EE,5,223,deconvolution,1.0,1.0
60,9,ES,9,219,deconvolution,1.0,1.0
60,9,FI,11,217,deconvolution,1.0,0.9091
60,9,FR,13,215,deconvolution,0.9231,0.9231
60,9,GB,12,216,deconvolution,1.0,1.0
60,9,HR,11,217,deconvolution,1.0,1.0
60,9,HU,11,217,conservative,0.9091,0.2727
60,9,IE,8,220,deconvolution,1.0,1.0
60,9,IS,2,226,deconvolution,1.0,1.0
60,9,IT,5,223,deconvolution,1.0,1.0
60,9,LT,10,218,deconvolution,0.9,0.9
60,9,LV,6,222,deconvolution,1.0,0.6667
60,9,NL,9,219,deconvolution,1.0,1.0
60,9,NO,7,221,deconvolution,1.0,1.0
60,9,PL,10,218,deconvolution,1.0,0.9
60,9,PT,4,224,deconvolution,1.0,1.0
60,9,RS,4,224,deconvolution,1.0,1.0
60,9,SE,8,220,deconvolution,1.0,1.0
60,9,SI,7,221,deconvolution,1.0,1.0
60,9,SK,8,220,deconvolution,0.875,0.875
60,10,AT,9,239,deconvolution,1.0,1.0
60,10,BE,8,240,deconvolution,1.0,1.0
60,10,BG,16,232,conservative,0.9375,0.5625
60,10,CH,6,242,deconvolution,1.0,1.0
60,10,CZ,14,234,deconvolution,1.0,0.8571
60,10,DE,13,235,deconvolution,1.0,0.9231
60,10,EE,5,243,deconvolution,1.0,1.0
60,10,ES,11,237,deconvolution,1.0,1.0
60,10,FI,7,241,deconvolution,1.0,1.0
60,10,FR,14,234,deconvolution,1.0,0.9286
60,10,GB,10,238,deconvolution,1.0,1.0
60,10,GR,11,237,deconvolution,0.6364,0.6364
60,10,HR,13,235,deconvolution,0.9231,0.9231
60,10,HU,12,236,deconvolution,0.8333,0.5833
60,10,IE,8,240,deconvolution,1.0,0.875
60,10,IS,2,246,deconvolution,1.0,1.0
60,10,IT,5,243,deconvolution,1.0,1.0
60,10,LT,9,239,deconvolution,1.0,0.7778
60,10,LV,6,242,deconvolution,1.0,1.0
60,10,MK,8,240,deconvolution,1.0,1.0
60,10,NL,8,240,deconvolution,1.0,1.0
60,10,NO,6,242,deconvolution,1.0,1.0
60,10,PL,15,233,deconvolution,1.0,0.9333
60,10,PT,5,243,deconvolution,1.0,1.0
60,10,RS,4,244,deconvolution,1.0,1.0
60,10,SE,8,240,deconvolution,1.0,1.0
60,10,SI,7,241,deconvolution,1.0,1.0
60,10,SK,8,240,deconvolution,1.0,0.875
60,11,AT,9,224,PCB,1.0,1.0
60,11,BE,8,225,PCB,1.0,1.0
60,11,BG,13,220,deconvolution,0.3077,0.2308
60,11,CH,6,227,PCB,1.0,1.0
60,11,DE,11,222,PCB,1.0,1.0
60,11,EE,5,228,PCB,1.0,1.0
60,11,ES,9,224,PCB,1.0,1.0
60,11,FI,9,224,PCB,1.0,1.0
60,11,FR,12,221,PCB,1.0,1.0
60,11,GB,11,222,PCB,1.0,0.9091
60,11,GR,11,222,PCB,0.7273,0.7273
60,11,HR,8,225,PCB,1.0,1.0
60,11,HU,15,218,PCB,0.8667,0.8
60,11,IE,8,225,PCB,1.0,1.0
60,11,IS,2,231,PCB,1.0,1.0
60,11,IT,5,228,PCB,1.0,1.0
60,11,LT,8,225,PCB,0.875,0.875
60,11,LV,6,227,PCB,1.0,1.0
60,11,NL,8,225,PCB,1.0,1.0
60,11,NO,6,227,PCB,1.0,1.0
60,11,PL,11,222,PCB,0.9091,0.9091
60,11,PT,4,229,PCB,1.0,1.0
60,11,RS,4,229,PCB,1.0,1.0
60,11,SE,7,226,PCB,1.0,1.0
60,11,SI,8,225,PCB,1.0,1.0
60,11,SK,8,225,PCB,0.75,0.75
60,11,UA,21,212,PCB,0.8571,0.8571
40,9,AT,9,264,deconvolution,1.0,1.0
40,9,BE,11,262,deconvolution,1.0,1.0
40,9,BG,25,248,deconvolution,0.68,0.56
40,9,CH,7,266,deconvolution,1.0,1.0
40,9,CZ,14,259,deconvolution,0.9286,0.7857
40,9,DE,12,261,deconvolution,1.0,1.0
40,9,DK,5,268,deconvolution,1.0,1.0
40,9,EE,5,268,deconvolution,1.0,1.0
40,9,ES,11,262,deconvolution,1.0,1.0
40,9,FI,16,257,deconvolution,1.0,1.0
40,9,FR,18,255,deconvolution,0.9444,0.8889
40,9,GB,12,261,deconvolution,1.0,1.0
40,9,HR,15,258,deconvolution,1.0,1.0
40,9,HU,15,258,deconvolution,0.7333,0.4
40,9,IE,8,265,deconvolution,1.0,1.0
40,9,IS,2,271,deconvolution,1.0,1.0
40,9,IT,5,268,deconvolution,1.0,1.0
40,9,LT,10,263,deconvolution,0.9,0.9
40,9,LV,6,267,deconvolution,1.0,1.0
40,9,NL,10,263,deconvolution,1.0,1.0
40,9,NO,7,266,deconvolution,1.0,1.0
40,9,PL,14,259,deconvolution,0.8571,0.8571
40,9,PT,5,268,deconvolution,1.0,1.0
40,9,RS,4,269,deconvolution,1.0,1.0
40,9,SE,8,265,deconvolution,1.0,1.0
40,9,SI,11,262,deconvolution,1.0,1.0
40,9,SK,8,265,deconvolution,1.0,0.875
40,10,AT,9,278,deconvolution,1.0,1.0
40,10,BE,10,277,deconvolution,1.0,1.0
40,10,BG,22,265,deconvolution,0.6364,0.5909
40,10,CH,7,280,deconvolution,1.0,1.0
40,10,CZ,14,273,deconvolution,1.0,1.0
40,10,DE,13,274,deconvolution,1.0,1.0
40,10,EE,5,282,deconvolution,1.0,1.0
40,10,ES,14,273,deconvolution,1.0,0.9286
40,10,FI,15,272,deconvolution,1.0,1.0
40,10,FR,16,271,deconvolution,0.9375,0.8125
40,10,GB,11,276,deconvolution,1.0,1.0
40,10,GR,13,274,deconvolution,0.7692,0.6154
40,10,HR,17,270,deconvolution,0.8824,0.8235
40,10,HU,15,272,deconvolution,0.8667,0.6667
40,10,IE,8,279,deconvolution,0.875,0.875
40,10,IS,2,285,deconvolution,1.0,1.0
40,10,IT,5,282,deconvolution,1.0,1.0
40,10,LT,9,278,deconvolution,1.0,0.8889
40,10,LV,6,281,deconvolution,1.0,1.0
40,10,MK,8,279,deconvolution,1.0,1.0
40,10,NL,10,277,deconvolution,1.0,0.9
40,10,NO,6,281,deconvolution,1.0,1.0
40,10,PL,17,270,deconvolution,1.0,0.9412
40,10,PT,5,282,deconvolution,1.0,1.0
40,10,RS,4,283,deconvolution,1.0,1.0
40,10,SE,8,279,deconvolution,1.0,1.0
40,10,SI,10,277,deconvolution,1.0,1.0
40,10,SK,8,279,deconvolution,1.0,1.0
40,11,AT,9,276,PCB,1.0,1.0
40,11,BE,10,275,PCB,1.0,1.0
40,11,BG,23,262,deconvolution,0.4783,0.4783
40,11,CH,7,278,PCB,1.0,1.0
40,11,DE,12,273,PCB,1.0,1.0
40,11,EE,5,280,PCB,1.0,1.0
40,11,ES,13,272,PCB,1.0,1.0
40,11,FI,14,271,PCB,1.0,1.0
40,11,FR,17,268,PCB,1.0,1.0
40,11,GB,12,273,PCB,1.0,0.9167
40,11,GR,13,272,conservative,1.0,0.6923
40,11,HR,13,272,PCB,1.0,1.0
40,11,HU,18,267,PCB,0.8333,0.7778
40,11,IE,8,277,PCB,1.0,1.0
40,11,IS,2,283,PCB,1.0,1.0
40,11,IT,5,280,PCB,1.0,1.0
40,11,LT,9,276,PCB,0.8889,0.8889
40,11,LV,6,279,PCB,1.0,1.0
40,11,NL,11,274,PCB,1.0,1.0
40,11,NO,6,279,PCB,1.0,1.0
40,11,PL,15,270,PCB,0.9333,0.9333
40,11,PT,5,280,PCB,0.8,0.8
40,11,RS,4,281,PCB,1.0,1.0
40,11,SE,8,277,PCB,1.0,1.0
40,11,SI,10,275,PCB,1.0,1.0
40,11,SK,8,277,PCB,0.75,0.75
40,11,UA,22,263,PCB,0.8636,0.8636
